0,1,2,3,4,5,6,7,8,9
2025-05-29,87.10,87.60,86.20,86.90,-0.20,-0.23,"338,880",,
2025-05-28,85.30,87.30,85.30,87.10,2.10,2.47,"251,279",,
2025-05-27,86.30,86.70,84.40,85.00,-1.30,-1.51,"335,701",,
2025-05-26,86.20,87.30,85.70,86.30,-0.30,-0.35,"161,120",,
2025-05-25,86.70,87.20,86.10,86.60,0.10,0.12,"102,374",,
2025-05-22,86.60,87.10,85.80,86.50,-0.40,-0.46,"372,049",,
2025-05-21,87.60,88.00,86.40,86.90,-0.40,-0.46,"325,066",,
2025-05-20,86.60,88.10,85.50,87.30,1.40,1.63,"762,870",,
2025-05-19,89.90,90.00,85.80,85.90,-4.20,-4.66,"665,979",,
2025-05-18,90.20,90.40,89.60,90.10,-0.10,-0.11,"101,765",,
2025-05-15,90.60,90.60,89.50,90.20,-0.80,-0.88,"230,302",,
2025-05-14,91.50,91.50,90.30,91.00,0.00,0.00,"262,205",,
2025-05-13,91.00,91.40,90.60,91.00,0.20,0.22,"163,884",,
2025-05-12,91.80,92.40,90.30,90.80,-0.90,-0.98,"264,291",,
2025-05-11,91.30,92.30,91.30,91.70,0.80,0.88,"80,836",,
2025-05-08,90.80,92.20,90.50,90.90,0.00,0.00,"216,605",,
2025-05-07,90.90,91.30,90.20,90.90,0.00,0.00,"146,868",,
2025-05-06,91.00,91.00,89.80,90.90,0.10,0.11,"224,326",,
2025-05-05,91.30,92.00,90.60,90.80,-0.80,-0.87,"247,991",,
2025-05-04,91.80,92.40,91.60,91.60,0.00,0.00,"55,313",,
2025-05-01,93.30,93.60,91.20,91.60,-2.40,-2.55,"217,843",,
2025-04-30,94.00,94.40,93.10,94.00,0.00,0.00,"138,045",,
2025-04-29,92.50,94.00,92.40,94.00,1.10,1.18,"216,244",,
2025-04-28,92.00,93.00,91.30,92.90,1.10,1.20,"267,436",,
2025-04-27,92.00,92.40,91.20,91.80,-0.10,-0.11,"131,131",,
2025-04-24,92.20,93.40,91.60,91.90,-0.50,-0.54,"349,733",,
2025-04-23,91.90,93.10,91.70,92.40,1.20,1.32,"315,911",,
2025-04-22,92.00,92.00,91.00,91.20,-0.80,-0.87,"356,158",,
2025-04-21,93.80,94.00,91.80,92.00,-1.70,-1.81,"200,748",,
2025-04-20,93.20,94.00,93.20,93.70,0.70,0.75,"90,078",,
2025-04-17,93.50,94.20,92.50,93.00,-1.00,-1.06,"277,556",,
2025-04-16,94.90,95.10,93.60,94.00,-0.80,-0.84,"290,297",,
2025-04-15,93.00,95.50,92.90,94.80,1.80,1.94,"599,498",,
2025-04-14,93.10,93.30,92.50,93.00,0.60,0.65,"246,865",,
2025-04-13,92.10,93.00,91.50,92.40,0.30,0.33,"198,388",,
2025-04-10,93.80,93.80,91.60,92.10,1.90,2.11,"393,260",,
2025-04-09,90.80,91.70,89.30,90.20,-0.70,-0.77,"422,441",,
2025-04-08,91.30,93.50,89.30,90.90,0.90,1.00,"906,233",,
2025-04-07,86.00,90.50,83.80,90.00,2.40,2.74,"798,904",,
2025-04-06,88.70,90.20,87.00,87.60,-5.50,-5.91,"520,352",,
2025-04-03,93.40,94.50,93.00,93.10,-1.10,-1.17,"350,711",,
2025-03-27,93.80,94.30,93.50,94.20,0.30,0.32,"172,616",,
2025-03-26,92.40,93.90,92.40,93.90,2.10,2.29,"240,792",,
2025-03-25,93.60,93.80,91.80,91.80,-1.30,-1.40,"158,737",,
2025-03-24,93.20,93.80,93.10,93.10,-0.10,-0.11,"151,615",,
2025-03-23,93.80,94.00,92.70,93.20,-0.70,-0.75,"91,448",,
2025-03-20,93.00,93.90,92.20,93.90,0.70,0.75,"469,715",,
2025-03-19,94.00,94.00,92.00,93.20,-3.20,-3.32,"516,065",,
2025-03-18,96.10,96.80,95.50,96.40,0.30,0.31,"529,020",,
2025-03-17,95.50,97.20,95.40,96.10,0.70,0.73,"457,687",,
2025-03-16,95.50,95.90,95.00,95.40,0.00,0.00,"438,012",,
2025-03-13,95.70,96.00,95.10,95.40,-0.60,-0.63,"424,843",,
2025-03-12,94.90,96.50,94.80,96.00,1.10,1.16,"323,948",,
2025-03-11,95.00,95.60,93.00,94.90,-0.10,-0.11,"341,879",,
2025-03-10,97.80,98.00,94.80,95.00,-2.80,-2.86,"433,418",,
2025-03-09,97.00,98.00,96.40,97.80,0.70,0.72,"178,958",,
2025-03-06,97.00,97.10,95.30,97.10,0.00,0.00,"489,404",,
2025-03-05,96.20,97.20,96.00,97.10,1.10,1.15,"338,083",,
2025-03-04,96.70,98.00,94.30,96.00,-1.20,-1.23,"712,587",,
2025-03-03,97.30,98.00,96.60,97.20,-0.30,-0.31,"425,671",,
2025-03-02,97.10,97.80,95.60,97.50,-0.30,-0.31,"204,151",,
2025-02-27,96.90,97.80,96.30,97.80,0.90,0.93,"299,328",,
2025-02-26,96.60,97.30,96.00,96.90,0.30,0.31,"182,165",,
2025-02-25,96.80,96.80,95.70,96.60,-0.20,-0.21,"255,788",,
2025-02-24,96.40,97.90,95.90,96.80,0.30,0.31,"285,918",,
2025-02-20,95.50,96.50,94.50,96.50,-0.20,-0.21,"627,884",,
2025-02-19,96.40,96.70,95.50,96.70,0.20,0.21,"254,117",,
2025-02-18,96.60,97.00,96.20,96.50,0.50,0.52,"369,320",,
2025-02-17,97.00,97.40,95.60,96.00,-1.00,-1.03,"253,472",,
2025-02-16,97.90,97.90,96.80,97.00,-0.90,-0.92,"129,877",,
2025-02-13,98.70,98.70,97.40,97.90,-1.10,-1.11,"360,361",,
2025-02-12,99.30,99.30,97.70,99.00,-0.40,-0.40,"348,468",,
2025-02-11,97.80,99.40,97.50,99.40,1.60,1.64,"419,538",,
2025-02-10,98.10,98.40,97.40,97.80,-0.30,-0.31,"190,156",,
2025-02-09,98.50,98.60,97.90,98.10,-0.60,-0.61,"129,421",,
2025-02-06,97.80,98.70,97.40,98.70,0.90,0.92,"298,178",,
2025-02-05,97.50,97.90,96.70,97.80,0.10,0.10,"263,941",,
2025-02-04,97.60,97.70,96.90,97.70,0.00,0.00,"208,255",,
2025-02-03,98.30,98.30,96.80,97.70,-0.80,-0.81,"354,184",,
2025-02-02,98.40,98.80,97.80,98.50,0.10,0.10,"177,985",,
2025-01-30,97.80,98.40,97.60,98.40,0.90,0.92,"186,532",,
2025-01-29,98.90,98.90,97.40,97.50,-1.40,-1.42,"219,911",,
2025-01-28,98.10,99.30,97.30,98.90,0.90,0.92,"606,407",,
2025-01-27,96.20,99.90,95.70,98.00,1.80,1.87,"1,673,568",,
2025-01-26,95.90,96.40,95.50,96.20,0.30,0.31,"190,973",,
2025-01-23,95.70,96.40,95.40,95.90,-0.10,-0.10,"396,147",,
2025-01-22,96.40,96.40,95.40,96.00,-0.30,-0.31,"310,842",,
2025-01-21,97.30,97.40,96.00,96.30,-1.00,-1.03,"431,254",,
2025-01-20,95.50,97.90,94.90,97.30,1.80,1.88,"771,423",,
2025-01-19,95.90,96.10,95.30,95.50,-0.40,-0.42,"166,786",,
2025-01-16,97.00,97.00,95.70,95.90,-1.00,-1.03,"294,891",,
2025-01-15,95.70,97.00,95.20,96.90,1.20,1.25,"537,493",,
2025-01-14,95.20,95.80,94.50,95.70,0.40,0.42,"401,161",,
2025-01-13,95.80,95.80,94.00,95.30,-0.20,-0.21,"554,433",,
2025-01-12,96.50,96.50,95.00,95.50,-0.40,-0.42,"248,088",,
2025-01-09,96.30,97.20,94.90,95.90,0.00,0.00,"718,237",,
2025-01-08,95.60,97.90,95.20,95.90,2.00,2.13,"1,573,099",,
2025-01-07,93.20,94.40,92.40,93.90,0.60,0.64,"584,885",,
2025-01-06,92.60,93.80,92.00,93.30,0.60,0.65,"556,762",,
2025-01-05,92.40,93.30,92.00,92.70,0.60,0.65,"313,249",,
,,,,,,,,,
,,,,,,,,,
,,,,,,,,,
,,,,,,,,,
,,,,,,,,,
,,,,,,,,,
,,,,,,,,,
,,,,,,,,,
,,,,,,,,,
,,,,,,,,,
,,,,,,,,,
,,,,,,,,,
,,,,,,,,,
,,,,,,,,,
,,,,,,,,,
,,,,,,,,,
,,,,,,,,,
,,,,,,,,,
,,,,,,,,,
,,,,,,,,,
,,,,,,,,,
,,,,,,,,,
,,,,,,,,,
,,,,,,,,,
,,,,,,,,,
,,,,,,,,,
,,,,,,,,,
,,,,,,,,,
,,,,,,,,,
,,,,,,,,,
,,,,,,,,,
,,,,,,,,,
,,,,,,,,,
,,,,,,,,,
,,,,,,,,,
,,,,,,,,,
,,,,,,,,,
,,,,,,,,,
,,,,,,,,,
,,,,,,,,,
,,,,,,,,,
,,,,,,,,,
,,,,,,,,,
,,,,,,,,,
,,,,,,,,,
,,,,,,,,,
,,,,,,,,,
,,,,,,,,,
,,,,,,,,,
,,,,,,,,,
,,,,,,,,,
,,,,,,,,,
,,,,,,,,,
,,,,,,,,,
,,,,,,,,,
,,,,,,,,,
,,,,,,,,,
,,,,,,,,,
,,,,,,,,,
,,,,,,,,,
,,,,,,,,,
,,,,,,,,,
,,,,,,,,,
,,,,,,,,,
,,,,,,,,,
,,,,,,,,,
,,,,,,,,,
,,,,,,,,,
,,,,,,,,,
,,,,,,,,,
,,,,,,,,,
,,,,,,,,,
,,,,,,,,,
,,,,,,,,,
,,,,,,,,,
,,,,,,,,,
,,,,,,,,,
,,,,,,,,,
,,,,,,,,,
,,,,,,,,,
,,,,,,,,,
,,,,,,,,,
,,,,,,,,,
,,,,,,,,,
,,,,,,,,,
,,,,,,,,,
,,,,,,,,,
,,,,,,,,,
,,,,,,,,,
,,,,,,,,,
,,,,,,,,,
,,,,,,,,,
,,,,,,,,,
,,,,,,,,,
,,,,,,,,,
,,,,,,,,,
,,,,,,,,,
,,,,,,,,,
,,,,,,,,,
,,,,,,,,,
2025-01-05,92.40,93.30,92.00,92.70,0.60,0.65,"313,249",,
2025-01-02,90.40,92.10,90.30,92.10,2.00,2.22,"391,159",,
2025-01-01,90.20,90.60,90.00,90.10,-0.10,-0.11,"168,737",,
2024-12-31,90.00,90.80,89.70,90.20,0.20,0.22,"514,924",,
2024-12-30,90.90,90.90,89.70,90.00,-0.90,-0.99,"359,387",,
2024-12-29,91.50,91.70,90.50,90.90,-0.30,-0.33,"426,571",,
2024-12-26,91.20,91.60,90.90,91.20,0.00,0.00,"248,929",,
2024-12-25,92.20,92.50,90.90,91.20,-1.00,-1.08,"400,736",,
2024-12-24,92.60,93.70,91.90,92.20,-6.70,-6.77,"894,187",,
2024-12-23,98.70,99.10,97.80,98.90,0.20,0.20,"966,329",,
2024-12-22,99.00,99.30,97.70,98.70,0.70,0.71,"963,068",,
2024-12-19,100.00,100.00,97.30,98.00,2.90,3.05,"2,085,775",,
2024-12-18,94.00,95.10,93.50,95.10,1.30,1.39,"334,954",,
2024-12-17,94.10,95.50,93.50,93.80,-0.20,-0.21,"519,569",,
2024-12-16,94.40,94.90,93.90,94.00,-0.40,-0.42,"255,905",,
2024-12-15,95.80,95.90,94.40,94.40,-1.10,-1.15,"289,969",,
2024-12-12,94.80,95.60,93.30,95.50,1.00,1.06,"605,957",,
2024-12-11,94.70,95.00,93.90,94.50,-0.20,-0.21,"496,346",,
2024-12-10,95.70,96.20,94.00,94.70,-0.90,-0.94,"669,706",,
2024-12-09,97.30,98.20,94.90,95.60,-2.00,-2.05,"898,459",,
2024-12-08,97.80,98.80,97.40,97.60,0.00,0.00,"256,192",,
2024-12-05,99.80,100.40,97.30,97.60,-2.00,-2.01,"672,554",,
2024-12-04,102.40,102.40,99.30,99.60,-3.00,-2.92,"706,809",,
2024-12-03,103.60,103.80,100.60,102.60,0.00,0.00,"729,270",,
2024-12-02,101.00,103.60,100.00,102.60,1.80,1.79,"957,551",,
2024-12-01,99.70,101.00,98.80,100.80,1.80,1.82,"298,302",,
2024-11-28,99.60,99.60,97.60,99.00,0.20,0.20,"192,029",,
2024-11-27,98.00,99.70,97.20,98.80,0.90,0.92,"314,743",,
2024-11-26,99.00,99.70,97.80,97.90,-1.10,-1.11,"227,617",,
2024-11-25,95.80,100.00,95.00,99.00,2.90,3.02,"536,340",,
2024-11-24,96.10,96.40,95.90,96.10,0.10,0.10,"127,809",,
2024-11-21,96.50,96.80,95.50,96.00,-0.50,-0.52,"179,044",,
2024-11-20,97.00,97.90,96.30,96.50,-0.50,-0.52,"141,068",,
2024-11-19,97.00,98.10,96.60,97.00,0.00,0.00,"265,414",,
2024-11-18,97.10,98.30,97.00,97.00,-0.10,-0.10,"179,666",,
2024-11-17,96.90,98.00,96.10,97.10,0.30,0.31,"149,725",,
2024-11-14,101.60,101.60,96.70,96.80,-3.40,-3.39,"562,800",,
2024-11-13,101.00,102.60,100.20,100.20,-1.20,-1.18,"177,060",,
2024-11-12,102.40,103.20,100.20,101.40,-1.40,-1.36,"209,174",,
2024-11-11,103.00,104.40,101.60,102.80,0.60,0.59,"311,166",,
2024-11-10,102.00,105.00,102.00,102.20,0.20,0.20,"467,151",,
2024-11-07,98.30,103.00,98.30,102.00,3.00,3.03,"743,517",,
2024-11-06,97.40,99.00,97.40,99.00,1.80,1.85,"496,431",,
2024-11-05,99.40,99.80,97.10,97.20,-2.00,-2.02,"210,676",,
2024-11-04,99.70,100.60,98.90,99.20,-0.40,-0.40,"189,748",,
2024-11-03,101.80,102.00,99.60,99.60,-1.40,-1.39,"157,977",,
2024-10-31,99.20,102.00,98.90,101.00,1.80,1.81,"649,770",,
2024-10-30,99.80,99.80,97.90,99.20,-0.60,-0.60,"379,488",,
2024-10-29,101.00,102.00,99.80,99.80,-1.40,-1.38,"260,426",,
2024-10-28,99.50,101.80,99.50,101.20,2.00,2.02,"546,835",,
2024-10-27,98.20,100.00,98.10,99.20,1.10,1.12,"363,313",,
2024-10-24,98.00,99.20,97.10,98.10,0.10,0.10,"265,808",,
2024-10-23,97.00,98.20,95.90,98.00,1.00,1.03,"243,533",,
2024-10-22,96.10,98.00,96.10,97.00,0.70,0.73,"343,138",,
2024-10-21,95.60,96.90,95.60,96.30,0.70,0.73,"224,172",,
2024-10-20,96.00,97.00,95.50,95.60,-0.80,-0.83,"121,045",,
2024-10-17,98.60,98.80,96.00,96.40,-2.20,-2.23,"344,636",,
2024-10-16,97.60,99.30,97.20,98.60,0.70,0.72,"605,285",,
2024-10-15,97.90,98.00,97.00,97.90,0.00,0.00,"217,607",,
2024-10-14,96.50,98.00,96.50,97.90,1.00,1.03,"263,900",,
2024-10-13,97.10,97.40,96.20,96.90,0.30,0.31,"162,938",,
2024-10-10,97.10,97.60,96.00,96.60,0.00,0.00,"232,639",,
2024-10-09,94.50,98.40,93.90,96.60,2.70,2.88,"666,448",,
2024-10-08,94.50,95.60,93.50,93.90,2.70,2.96,"566,059",,
2024-10-07,92.10,93.30,90.90,91.20,-0.90,-0.98,"279,031",,
2024-10-06,92.80,94.20,92.10,92.10,-1.70,-1.81,"202,689",,
2024-10-03,92.80,93.80,92.50,93.80,0.40,0.43,"227,595",,
2024-10-02,93.80,95.00,92.90,93.40,-0.90,-0.95,"219,198",,
2024-10-01,94.50,95.60,94.20,94.30,-0.50,-0.53,"148,787",,
2024-09-30,94.60,95.20,93.60,94.80,0.20,0.21,"174,429",,
2024-09-29,95.50,95.50,94.30,94.60,-0.80,-0.84,"116,105",,
2024-09-26,94.10,95.50,93.90,95.40,1.40,1.49,"222,445",,
2024-09-25,95.00,95.20,93.70,94.00,-1.20,-1.26,"260,170",,
2024-09-24,95.90,96.90,95.20,95.20,-2.20,-2.26,"231,882",,
2024-09-22,96.10,97.40,96.00,97.40,1.30,1.35,"149,640",,
2024-09-19,95.10,97.50,94.50,96.10,0.90,0.95,"462,553",,
2024-09-18,94.70,95.60,94.20,95.20,0.40,0.42,"251,984",,
2024-09-17,94.10,95.20,94.10,94.80,0.70,0.74,"300,597",,
2024-09-16,93.90,94.60,93.20,94.10,0.20,0.21,"215,298",,
2024-09-15,94.10,94.60,93.00,93.90,-0.10,-0.11,"128,501",,
2024-09-12,93.70,94.70,93.60,94.00,0.00,0.00,"147,707",,
2024-09-11,95.10,95.40,93.70,94.00,-1.00,-1.05,"279,081",,
2024-09-10,92.50,95.30,92.40,95.00,2.50,2.70,"356,312",,
2024-09-09,92.20,92.80,91.70,92.50,0.40,0.43,"77,847",,
2024-09-08,92.30,92.30,91.10,92.10,-0.80,-0.86,"91,212",,
2024-09-05,93.40,93.80,92.20,92.90,-0.50,-0.54,"160,087",,
2024-09-04,92.70,94.30,92.10,93.40,-0.60,-0.64,"174,451",,
2024-09-03,92.60,94.00,91.90,94.00,1.40,1.51,"239,325",,
2024-09-02,92.10,93.10,91.90,92.60,0.10,0.11,"150,237",,
2024-09-01,91.60,93.10,91.60,92.50,1.30,1.43,"469,487",,
2024-08-29,90.60,92.20,90.60,91.20,0.60,0.66,"320,464",,
2024-08-28,90.60,91.30,89.60,90.60,-0.10,-0.11,"210,832",,
2024-08-27,91.70,92.80,90.30,90.70,-1.00,-1.09,"211,993",,
2024-08-26,93.50,93.70,91.20,91.70,-2.30,-2.45,"315,508",,
2024-08-25,94.00,95.20,93.90,94.00,-0.10,-0.11,"195,534",,
2024-08-22,94.60,95.70,94.10,94.10,-0.40,-0.42,"241,313",,
2024-08-21,94.10,95.40,93.50,94.50,0.40,0.43,"274,753",,
2024-08-20,93.10,94.80,93.00,94.10,1.00,1.07,"352,370",,
2024-08-19,91.80,93.30,91.30,93.10,1.60,1.75,"4,337,903",,
2024-08-18,89.00,92.20,89.00,91.50,2.90,3.27,"268,192",,
,,,,,,,,,
,,,,,,,,,
,,,,,,,,,
,,,,,,,,,
,,,,,,,,,
,,,,,,,,,
,,,,,,,,,
,,,,,,,,,
,,,,,,,,,
,,,,,,,,,
,,,,,,,,,
,,,,,,,,,
,,,,,,,,,
,,,,,,,,,
,,,,,,,,,
,,,,,,,,,
,,,,,,,,,
,,,,,,,,,
,,,,,,,,,
,,,,,,,,,
,,,,,,,,,
,,,,,,,,,
,,,,,,,,,
,,,,,,,,,
,,,,,,,,,
,,,,,,,,,
,,,,,,,,,
,,,,,,,,,
,,,,,,,,,
,,,,,,,,,
,,,,,,,,,
,,,,,,,,,
,,,,,,,,,
,,,,,,,,,
,,,,,,,,,
,,,,,,,,,
,,,,,,,,,
,,,,,,,,,
,,,,,,,,,
,,,,,,,,,
,,,,,,,,,
,,,,,,,,,
,,,,,,,,,
,,,,,,,,,
,,,,,,,,,
,,,,,,,,,
,,,,,,,,,
,,,,,,,,,
,,,,,,,,,
,,,,,,,,,
,,,,,,,,,
,,,,,,,,,
,,,,,,,,,
,,,,,,,,,
,,,,,,,,,
,,,,,,,,,
,,,,,,,,,
,,,,,,,,,
,,,,,,,,,
,,,,,,,,,
,,,,,,,,,
,,,,,,,,,
,,,,,,,,,
,,,,,,,,,
,,,,,,,,,
,,,,,,,,,
,,,,,,,,,
,,,,,,,,,
,,,,,,,,,
,,,,,,,,,
,,,,,,,,,
,,,,,,,,,
,,,,,,,,,
,,,,,,,,,
,,,,,,,,,
,,,,,,,,,
,,,,,,,,,
,,,,,,,,,
,,,,,,,,,
,,,,,,,,,
,,,,,,,,,
,,,,,,,,,
,,,,,,,,,
,,,,,,,,,
,,,,,,,,,
,,,,,,,,,
,,,,,,,,,
,,,,,,,,,
,,,,,,,,,
,,,,,,,,,
,,,,,,,,,
,,,,,,,,,
,,,,,,,,,
,,,,,,,,,
,,,,,,,,,
,,,,,,,,,
,,,,,,,,,
,,,,,,,,,
,,,,,,,,,
,,,,,,,,,
2024-08-15,88.50,89.40,88.50,88.60,0.50,0.57,"162,687",,
2024-08-14,88.40,89.30,88.00,88.10,0.00,0.00,"193,793",,
2024-08-13,87.40,88.80,87.20,88.10,1.00,1.15,"186,643",,
2024-08-12,89.50,89.90,87.10,87.10,-2.50,-2.79,"267,756",,
2024-08-11,89.10,90.20,89.00,89.60,0.50,0.56,"78,557",,
2024-08-08,90.20,90.20,88.30,89.10,-1.20,-1.33,"175,759",,
2024-08-07,89.90,91.20,88.90,90.30,1.40,1.57,"181,521",,
2024-08-06,88.50,91.00,88.40,88.90,-0.10,-0.11,"197,559",,
2024-08-05,90.00,90.00,84.70,89.00,-1.00,-1.11,"412,209",,
2024-08-04,88.00,91.00,88.00,90.00,-3.20,-3.43,"198,494",,
2024-08-01,92.00,93.90,91.90,93.20,1.40,1.53,"502,626",,
2024-07-31,91.90,92.20,91.50,91.80,0.20,0.22,"186,227",,
2024-07-30,92.00,92.90,90.90,91.60,1.70,1.89,"434,401",,
2024-07-29,91.40,91.50,89.70,89.90,-0.90,-0.99,"234,129",,
2024-07-28,90.60,91.20,90.50,90.80,0.00,0.00,"111,101",,
2024-07-25,91.30,91.60,90.60,90.80,-0.50,-0.55,"152,916",,
2024-07-24,91.60,92.50,91.10,91.30,-0.30,-0.33,"478,316",,
2024-07-23,92.90,92.90,91.50,91.60,-1.00,-1.08,"194,962",,
2024-07-22,91.60,92.80,91.50,92.60,1.00,1.09,"257,209",,
2024-07-21,91.20,92.10,90.80,91.60,0.40,0.44,"190,455",,
2024-07-18,92.00,92.70,91.00,91.20,-1.20,-1.30,"427,884",,
2024-07-17,93.10,93.10,92.00,92.40,-0.70,-0.75,"242,099",,
2024-07-16,93.20,93.50,92.70,93.10,-0.20,-0.21,"122,453",,
2024-07-15,93.00,93.80,92.90,93.30,0.30,0.32,"158,954",,
2024-07-14,92.20,93.00,91.80,93.00,0.80,0.87,"173,873",,
2024-07-11,92.70,93.00,91.80,92.20,-0.50,-0.54,"342,990",,
2024-07-10,94.20,94.60,92.70,92.70,-1.50,-1.59,"472,328",,
2024-07-09,98.00,98.20,93.50,94.20,-2.50,-2.59,"1,193,043",,
2024-07-08,95.50,96.90,95.00,96.70,0.70,0.73,"285,585",,
2024-07-07,94.70,96.40,94.00,96.00,2.20,2.35,"102,074",,
2024-07-04,93.20,94.60,92.70,93.80,0.50,0.54,"120,015",,
2024-07-03,94.90,95.40,93.30,93.30,-1.60,-1.69,"117,333",,
2024-07-02,95.90,96.10,94.20,94.90,-0.90,-0.94,"187,798",,
2024-07-01,96.50,98.40,95.80,95.80,0.80,0.84,"335,817",,
2024-06-30,94.10,95.00,94.00,95.00,0.50,0.53,"79,444",,
2024-06-27,96.00,96.30,94.50,94.50,-1.50,-1.56,"111,336",,
2024-06-26,95.00,96.60,94.90,96.00,0.40,0.42,"175,771",,
2024-06-25,93.30,97.00,93.30,95.60,2.30,2.47,"508,463",,
2024-06-24,92.00,94.10,90.20,93.30,1.40,1.52,"409,958",,
2024-06-23,93.30,94.10,91.70,91.90,-1.90,-2.03,"145,939",,
2024-06-13,94.30,95.00,92.90,93.80,1.10,1.19,"685,308",,
2024-06-12,93.70,94.00,92.60,92.70,-1.00,-1.07,"152,592",,
2024-06-11,93.80,95.40,93.00,93.70,-0.30,-0.32,"307,656",,
2024-06-10,94.00,95.60,93.20,94.00,-1.00,-1.05,"524,452",,
2024-06-09,91.50,95.80,90.90,95.00,3.50,3.83,"583,275",,
2024-06-06,91.40,92.30,89.90,91.50,0.10,0.11,"236,249",,
2024-06-05,91.30,92.50,90.60,91.40,0.20,0.22,"210,176",,
2024-06-04,94.50,95.50,91.00,91.20,-3.30,-3.49,"311,193",,
2024-06-03,92.40,95.70,91.50,94.50,2.50,2.72,"445,236",,
2024-06-02,88.40,92.20,88.40,92.00,3.00,3.37,"317,893",,
2024-05-30,88.90,91.20,88.30,89.00,0.00,0.00,"470,291",,
2024-05-29,91.40,91.40,89.00,89.00,-2.00,-2.20,"270,999",,
2024-05-28,92.00,92.10,91.00,91.00,-0.80,-0.87,"257,928",,
2024-05-27,91.50,93.00,90.10,91.80,0.40,0.44,"217,120",,
2024-05-26,91.70,93.20,91.00,91.40,-0.30,-0.33,"124,261",,
2024-05-23,91.40,92.70,91.40,91.70,0.30,0.33,"140,504",,
2024-05-22,94.00,94.50,91.30,91.40,-2.90,-3.08,"388,806",,
2024-05-21,95.40,96.70,94.10,94.30,-0.90,-0.95,"221,820",,
2024-05-20,95.30,97.10,94.50,95.20,-0.10,-0.10,"325,704",,
2024-05-19,96.30,96.40,95.00,95.30,-1.00,-1.04,"125,295",,
2024-05-16,97.20,97.80,96.00,96.30,-0.90,-0.93,"252,947",,
2024-05-15,97.50,99.20,97.00,97.20,-0.30,-0.31,"275,594",,
2024-05-14,100.60,100.60,97.50,97.50,-3.10,-3.08,"448,108",,
2024-05-13,98.80,100.60,98.10,100.60,1.80,1.82,"431,027",,
2024-05-12,98.80,99.30,97.20,98.80,0.20,0.20,"231,796",,
2024-05-09,100.80,100.80,98.50,98.60,-2.20,-2.18,"280,347",,
2024-05-08,101.20,101.20,99.70,100.80,-0.20,-0.20,"206,327",,
2024-05-07,99.50,102.20,99.50,101.00,1.00,1.00,"342,921",,
2024-05-06,101.00,101.20,99.50,100.00,-1.00,-0.99,"263,819",,
2024-05-05,102.00,102.80,99.60,101.00,-0.80,-0.79,"393,284",,
2024-05-02,98.80,102.00,98.20,101.80,3.10,3.14,"437,970",,
2024-05-01,99.40,100.40,98.70,98.70,-0.60,-0.60,"302,868",,
2024-04-30,98.40,99.40,97.60,99.30,1.50,1.53,"476,296",,
2024-04-29,96.90,98.40,96.30,97.80,1.60,1.66,"518,456",,
2024-04-28,95.40,96.40,95.00,96.20,0.20,0.21,"205,695",,
2024-04-25,96.40,96.80,94.70,96.00,-0.40,-0.41,"395,482",,
2024-04-24,95.50,97.90,95.00,96.40,0.60,0.63,"895,437",,
2024-04-23,96.40,96.90,95.50,95.80,-0.60,-0.62,"263,840",,
2024-04-22,96.60,97.50,96.00,96.40,0.20,0.21,"319,258",,
2024-04-21,97.50,97.90,95.50,96.20,-1.30,-1.33,"355,094",,
2024-04-18,99.50,99.50,97.00,97.50,-1.30,-1.32,"531,675",,
2024-04-17,99.20,100.60,98.10,98.80,-0.10,-0.10,"738,196",,
2024-04-16,100.80,101.20,97.30,98.90,-3.70,-3.61,"1,301,063",,
2024-04-15,100.60,103.80,99.80,102.60,2.90,2.91,"913,120",,
2024-04-14,98.00,100.80,98.00,99.70,-1.50,-1.48,"771,105",,
2024-04-04,98.60,101.80,97.60,101.20,2.80,2.85,"1,534,007",,
2024-04-03,95.50,98.50,95.10,98.40,2.90,3.04,"1,110,993",,
2024-04-02,96.10,97.40,95.10,95.50,-0.50,-0.52,"547,992",,
2024-04-01,95.10,96.60,94.50,96.00,1.00,1.05,"327,795",,
2024-03-31,95.60,97.00,94.90,95.00,-0.60,-0.63,"397,333",,
2024-03-28,96.20,97.40,94.30,95.60,-0.50,-0.52,"522,281",,
2024-03-27,94.00,96.10,93.90,96.10,1.50,1.59,"233,395",,
2024-03-26,95.00,96.20,94.50,94.60,-0.70,-0.73,"266,154",,
2024-03-25,95.00,96.10,94.60,95.30,-0.10,-0.10,"222,638",,
2024-03-24,96.30,96.50,94.70,95.40,-0.90,-0.93,"254,428",,
2024-03-21,96.40,96.70,95.30,96.30,0.10,0.10,"360,089",,
2024-03-20,97.00,97.50,95.90,96.20,-0.50,-0.52,"352,729",,
2024-03-19,98.00,98.00,95.90,96.70,-1.00,-1.02,"573,615",,
2024-03-18,96.40,98.80,95.80,97.70,1.90,1.98,"1,246,873",,
2024-03-17,95.00,96.20,93.30,95.80,0.00,0.00,"588,398",,
,,,,,,,,,
,,,,,,,,,
,,,,,,,,,
,,,,,,,,,
,,,,,,,,,
,,,,,,,,,
,,,,,,,,,
,,,,,,,,,
,,,,,,,,,
,,,,,,,,,
,,,,,,,,,
,,,,,,,,,
,,,,,,,,,
,,,,,,,,,
,,,,,,,,,
,,,,,,,,,
,,,,,,,,,
,,,,,,,,,
,,,,,,,,,
,,,,,,,,,
,,,,,,,,,
,,,,,,,,,
,,,,,,,,,
,,,,,,,,,
,,,,,,,,,
,,,,,,,,,
,,,,,,,,,
,,,,,,,,,
,,,,,,,,,
,,,,,,,,,
,,,,,,,,,
,,,,,,,,,
,,,,,,,,,
,,,,,,,,,
,,,,,,,,,
,,,,,,,,,
,,,,,,,,,
,,,,,,,,,
,,,,,,,,,
,,,,,,,,,
,,,,,,,,,
,,,,,,,,,
,,,,,,,,,
,,,,,,,,,
,,,,,,,,,
,,,,,,,,,
,,,,,,,,,
,,,,,,,,,
,,,,,,,,,
,,,,,,,,,
,,,,,,,,,
,,,,,,,,,
,,,,,,,,,
,,,,,,,,,
,,,,,,,,,
,,,,,,,,,
,,,,,,,,,
,,,,,,,,,
,,,,,,,,,
,,,,,,,,,
,,,,,,,,,
,,,,,,,,,
,,,,,,,,,
,,,,,,,,,
,,,,,,,,,
,,,,,,,,,
,,,,,,,,,
,,,,,,,,,
,,,,,,,,,
,,,,,,,,,
,,,,,,,,,
,,,,,,,,,
,,,,,,,,,
,,,,,,,,,
,,,,,,,,,
,,,,,,,,,
,,,,,,,,,
,,,,,,,,,
,,,,,,,,,
,,,,,,,,,
,,,,,,,,,
,,,,,,,,,
,,,,,,,,,
,,,,,,,,,
,,,,,,,,,
,,,,,,,,,
,,,,,,,,,
,,,,,,,,,
,,,,,,,,,
,,,,,,,,,
,,,,,,,,,
,,,,,,,,,
,,,,,,,,,
,,,,,,,,,
,,,,,,,,,
,,,,,,,,,
,,,,,,,,,
,,,,,,,,,
,,,,,,,,,
,,,,,,,,,
2024-03-14,97.00,97.70,95.40,95.80,-1.10,-1.14,"579,476",,
2024-03-13,95.10,96.90,94.50,96.90,1.80,1.89,"538,914",,
2024-03-12,95.00,95.60,94.10,95.10,-1.30,-1.35,"343,066",,
2024-03-11,96.50,97.10,95.00,96.40,0.20,0.21,"560,826",,
2024-03-10,97.00,97.50,96.00,96.20,-0.50,-0.52,"621,390",,
2024-03-07,97.50,98.20,95.80,96.70,0.10,0.10,"933,840",,
2024-03-06,96.60,97.10,95.60,96.60,0.00,0.00,"440,309",,
2024-03-05,97.20,97.80,95.80,96.60,-0.90,-0.92,"620,371",,
2024-03-04,98.20,98.60,96.60,97.50,-0.70,-0.71,"834,982",,
2024-03-03,97.00,98.80,96.70,98.20,2.70,2.83,"1,617,817",,
2024-02-29,93.40,96.00,92.10,95.50,2.40,2.58,"1,739,807",,
2024-02-28,91.80,93.20,90.80,93.10,3.10,3.44,"1,100,543",,
2024-02-27,89.80,91.00,89.40,90.00,0.20,0.22,"336,610",,
2024-02-26,91.00,91.10,89.30,89.80,-1.10,-1.21,"458,715",,
2024-02-25,91.50,92.00,90.80,90.90,-0.60,-0.66,"367,722",,
2024-02-21,93.60,94.40,91.20,91.50,-2.00,-2.14,"903,099",,
2024-02-20,89.90,93.50,89.90,93.50,3.70,4.12,"1,489,999",,
2024-02-19,88.60,89.80,88.20,89.80,1.10,1.24,"677,578",,
2024-02-18,89.50,90.00,88.30,88.70,-0.80,-0.89,"474,464",,
2024-02-15,89.60,90.10,89.00,89.50,0.60,0.67,"347,515",,
2024-02-14,88.80,89.60,87.80,88.90,0.00,0.00,"414,440",,
2024-02-13,89.60,90.70,88.80,88.90,-0.10,-0.11,"573,860",,
2024-02-12,89.20,89.60,88.30,89.00,-0.80,-0.89,"721,319",,
2024-02-11,90.60,91.50,89.70,89.80,-1.20,-1.32,"272,958",,
2024-02-08,91.10,91.90,90.80,91.00,-0.10,-0.11,"240,023",,
2024-02-07,94.00,94.60,90.80,91.10,-2.90,-3.09,"622,074",,
2024-02-06,93.40,94.50,92.70,94.00,0.80,0.86,"399,939",,
2024-02-05,91.80,95.00,91.50,93.20,1.40,1.53,"813,335",,
2024-02-04,91.00,92.20,90.20,91.80,1.00,1.10,"276,629",,
2024-02-01,89.10,91.30,88.70,90.80,1.70,1.91,"574,832",,
2024-01-31,87.90,90.50,87.90,89.10,1.30,1.48,"358,705",,
2024-01-30,90.90,91.10,87.80,87.80,-3.10,-3.41,"357,439",,
2024-01-29,91.30,92.40,90.80,90.90,-0.30,-0.33,"301,534",,
2024-01-28,89.90,91.50,89.80,91.20,1.70,1.90,"279,422",,
2024-01-25,89.50,90.50,88.70,89.50,0.00,0.00,"186,678",,
2024-01-24,90.00,91.30,89.10,89.50,0.00,0.00,"277,278",,
2024-01-23,88.40,90.70,88.10,89.50,1.10,1.24,"297,195",,
2024-01-22,88.60,89.40,88.00,88.40,0.00,0.00,"311,600",,
2024-01-21,89.00,90.00,88.10,88.40,-1.00,-1.12,"264,446",,
2024-01-18,90.50,90.90,87.80,89.40,-1.80,-1.97,"506,677",,
2024-01-17,91.80,92.00,90.50,91.20,-0.70,-0.76,"321,268",,
2024-01-16,92.40,92.90,91.40,91.90,-0.50,-0.54,"201,806",,
2024-01-15,90.30,93.20,90.30,92.40,1.60,1.76,"403,740",,
2024-01-14,91.50,91.70,90.20,90.80,-1.40,-1.52,"247,437",,
2024-01-11,94.00,94.00,92.00,92.20,-1.40,-1.50,"275,990",,
2024-01-10,92.00,94.30,91.20,93.60,1.60,1.74,"617,371",,
2024-01-09,91.90,92.20,90.90,92.00,0.60,0.66,"395,200",,
2024-01-08,92.60,93.40,90.90,91.40,-2.00,-2.14,"987,050",,
2024-01-07,94.00,94.60,93.00,93.40,-0.50,-0.53,"483,852",,
2024-01-04,90.00,93.90,88.90,93.90,3.00,3.30,"610,840",,
2024-01-03,91.50,93.40,89.80,90.90,-0.50,-0.55,"863,494",,
2024-01-02,92.60,92.90,90.70,91.40,-1.20,-1.30,"629,015",,
2024-01-01,90.00,92.70,89.50,92.60,2.90,3.23,"712,041",,
2023-12-31,89.00,90.70,88.60,89.70,1.60,1.82,"820,151",,
2023-12-28,86.90,91.00,86.20,88.10,2.10,2.44,"1,337,085",,
2023-12-27,87.00,87.00,85.40,86.00,0.70,0.82,"332,524",,
2023-12-26,86.90,87.00,84.90,85.30,-1.60,-1.84,"392,740",,
2023-12-25,86.40,87.90,86.40,86.90,0.50,0.58,"656,278",,
2023-12-24,85.40,87.80,85.40,86.40,1.30,1.53,"670,418",,
2023-12-21,83.90,85.60,83.00,85.10,1.10,1.31,"834,633",,
2023-12-20,82.90,84.30,82.70,84.00,1.30,1.57,"756,994",,
2023-12-19,80.90,83.10,80.90,82.70,1.80,2.22,"983,245",,
2023-12-18,81.60,81.60,80.40,80.90,-0.30,-0.37,"216,350",,
2023-12-17,81.90,83.00,80.90,81.20,-0.80,-0.98,"424,188",,
2023-12-14,81.80,83.70,81.60,82.00,0.30,0.37,"892,191",,
2023-12-13,81.90,82.20,81.20,81.70,-0.20,-0.24,"156,361",,
2023-12-12,81.30,82.80,81.20,81.90,0.60,0.74,"743,634",,
2023-12-11,80.20,81.90,80.00,81.30,1.00,1.25,"598,615",,
2023-12-10,80.70,81.00,80.10,80.30,-0.40,-0.50,"161,391",,
2023-12-07,81.30,81.40,79.80,80.70,-0.50,-0.62,"338,505",,
2023-12-06,80.50,82.30,80.10,81.20,1.40,1.75,"1,224,986",,
2023-12-05,80.10,80.40,79.40,79.80,-0.20,-0.25,"247,438",,
2023-12-04,79.50,80.50,79.00,80.00,0.70,0.88,"501,204",,
2023-12-03,79.30,79.90,78.90,79.30,0.20,0.25,"240,063",,
2023-11-30,79.10,80.50,78.70,79.10,0.00,0.00,"337,618",,
2023-11-29,79.90,79.90,78.70,79.10,-0.20,-0.25,"145,664",,
2023-11-28,78.60,79.60,77.90,79.30,0.60,0.76,"388,959",,
2023-11-27,80.50,80.60,78.00,78.70,-1.70,-2.11,"747,351",,
2023-11-26,81.50,81.50,80.30,80.40,-1.10,-1.35,"121,884",,
2023-11-23,81.70,81.80,80.60,81.50,-0.20,-0.24,"126,435",,
2023-11-22,82.20,82.40,80.70,81.70,-0.50,-0.61,"155,567",,
2023-11-21,82.20,82.90,81.40,82.20,0.00,0.00,"227,771",,
2023-11-20,81.40,82.90,81.20,82.20,1.10,1.36,"557,539",,
2023-11-19,80.60,81.80,80.60,81.10,-0.50,-0.61,"111,769",,
2023-11-16,81.00,81.60,80.00,81.60,0.70,0.87,"244,273",,
2023-11-15,80.70,81.60,80.50,80.90,0.20,0.25,"442,511",,
2023-11-14,79.40,81.00,79.20,80.70,1.20,1.51,"193,472",,
2023-11-13,79.60,80.20,78.40,79.50,-0.30,-0.38,"236,843",,
2023-11-12,80.10,81.00,78.80,79.80,-0.50,-0.62,"283,849",,
2023-11-09,81.20,82.00,80.00,80.30,-1.00,-1.23,"215,286",,
2023-11-08,82.00,83.10,80.90,81.30,0.00,0.00,"213,795",,
2023-11-07,81.10,83.20,81.00,81.30,0.10,0.12,"539,164",,
2023-11-06,82.90,83.00,80.40,81.20,-1.50,-1.81,"501,386",,
2023-11-05,82.10,84.00,82.10,82.70,0.70,0.85,"586,849",,
2023-11-02,80.90,82.50,80.60,82.00,1.30,1.61,"714,491",,
2023-11-01,80.60,80.80,78.90,80.70,0.60,0.75,"288,251",,
2023-10-31,78.90,80.80,78.20,80.10,1.20,1.52,"575,314",,
2023-10-30,78.50,79.10,78.30,78.90,0.80,1.02,"149,126",,
2023-10-29,77.80,78.30,77.20,78.10,-0.10,-0.13,"971,806",,
2023-10-26,79.90,79.90,78.00,78.20,-1.80,-2.25,"292,224",,
,,,,,,,,,
,,,,,,,,,
,,,,,,,,,
,,,,,,,,,
,,,,,,,,,
,,,,,,,,,
,,,,,,,,,
,,,,,,,,,
,,,,,,,,,
,,,,,,,,,
,,,,,,,,,
,,,,,,,,,
,,,,,,,,,
,,,,,,,,,
,,,,,,,,,
,,,,,,,,,
,,,,,,,,,
,,,,,,,,,
,,,,,,,,,
,,,,,,,,,
,,,,,,,,,
,,,,,,,,,
,,,,,,,,,
,,,,,,,,,
,,,,,,,,,
,,,,,,,,,
,,,,,,,,,
,,,,,,,,,
,,,,,,,,,
,,,,,,,,,
,,,,,,,,,
,,,,,,,,,
,,,,,,,,,
,,,,,,,,,
,,,,,,,,,
,,,,,,,,,
,,,,,,,,,
,,,,,,,,,
,,,,,,,,,
,,,,,,,,,
,,,,,,,,,
,,,,,,,,,
,,,,,,,,,
,,,,,,,,,
,,,,,,,,,
,,,,,,,,,
,,,,,,,,,
,,,,,,,,,
,,,,,,,,,
,,,,,,,,,
,,,,,,,,,
,,,,,,,,,
,,,,,,,,,
,,,,,,,,,
,,,,,,,,,
,,,,,,,,,
,,,,,,,,,
,,,,,,,,,
,,,,,,,,,
,,,,,,,,,
,,,,,,,,,
,,,,,,,,,
,,,,,,,,,
,,,,,,,,,
,,,,,,,,,
,,,,,,,,,
,,,,,,,,,
,,,,,,,,,
,,,,,,,,,
,,,,,,,,,
,,,,,,,,,
,,,,,,,,,
,,,,,,,,,
,,,,,,,,,
,,,,,,,,,
,,,,,,,,,
,,,,,,,,,
,,,,,,,,,
,,,,,,,,,
,,,,,,,,,
,,,,,,,,,
,,,,,,,,,
,,,,,,,,,
,,,,,,,,,
,,,,,,,,,
,,,,,,,,,
,,,,,,,,,
,,,,,,,,,
,,,,,,,,,
,,,,,,,,,
,,,,,,,,,
,,,,,,,,,
,,,,,,,,,
,,,,,,,,,
,,,,,,,,,
,,,,,,,,,
,,,,,,,,,
,,,,,,,,,
,,,,,,,,,
,,,,,,,,,
2023-10-25,77.50,80.60,77.20,80.00,2.50,3.23,"511,008",,
2023-10-24,77.00,77.60,75.20,77.50,0.50,0.65,"553,134",,
2023-10-23,77.50,78.90,76.80,77.00,-0.50,-0.65,"442,518",,
2023-10-22,78.20,78.40,76.40,77.50,-1.30,-1.65,"186,112",,
2023-10-19,79.40,79.80,78.60,78.80,-1.20,-1.50,"116,599",,
2023-10-18,80.50,81.00,78.10,80.00,-0.50,-0.62,"868,185",,
2023-10-17,79.50,80.60,79.00,80.50,1.20,1.51,"315,022",,
2023-10-16,78.70,79.50,77.20,79.30,0.90,1.15,"501,624",,
2023-10-15,80.90,81.50,78.40,78.40,-2.50,-3.09,"1,335,180",,
2023-10-12,81.60,81.70,80.00,80.90,-0.40,-0.49,"790,208",,
2023-10-11,80.30,82.30,79.50,81.30,1.10,1.37,"1,162,159",,
2023-10-10,80.00,81.00,78.70,80.20,1.50,1.91,"957,007",,
2023-10-09,78.80,79.30,76.50,78.70,1.70,2.21,"1,176,652",,
2023-10-08,77.80,78.00,75.90,77.00,-0.90,-1.16,"530,343",,
2023-10-05,76.90,78.00,76.20,77.90,1.20,1.56,"434,738",,
2023-10-04,76.90,77.10,76.00,76.70,-0.50,-0.65,"303,144",,
2023-10-03,77.10,77.40,76.10,77.20,-0.20,-0.26,"420,347",,
2023-10-02,75.40,77.50,74.90,77.40,2.00,2.65,"1,160,005",,
2023-10-01,75.60,75.60,74.70,75.40,-0.10,-0.13,"128,299",,
2023-09-28,75.80,75.80,74.60,75.50,-0.20,-0.26,"326,919",,
2023-09-27,75.50,75.80,74.60,75.70,0.70,0.93,"521,970",,
2023-09-26,75.50,75.60,74.10,75.00,-0.80,-1.06,"447,688",,
2023-09-25,74.30,75.90,74.20,75.80,0.60,0.80,"263,621",,
2023-09-21,75.50,75.50,74.00,75.20,-0.40,-0.53,"256,499",,
2023-09-20,75.00,75.60,74.20,75.60,1.10,1.48,"441,929",,
2023-09-19,74.80,74.80,73.50,74.50,-0.40,-0.53,"530,733",,
2023-09-18,75.30,76.50,73.40,74.90,-0.10,-0.13,"495,189",,
2023-09-17,76.40,76.40,74.80,75.00,-1.50,-1.96,"292,141",,
2023-09-14,73.00,76.50,72.60,76.50,3.50,4.79,"563,841",,
2023-09-13,74.00,74.10,72.40,73.00,-1.00,-1.35,"598,192",,
2023-09-12,73.70,74.10,72.90,74.00,0.30,0.41,"323,512",,
2023-09-11,72.40,73.70,71.90,73.70,1.00,1.38,"410,069",,
2023-09-10,73.80,73.80,72.50,72.70,-1.10,-1.49,"152,028",,
2023-09-07,74.40,74.60,72.70,73.80,-0.70,-0.94,"441,054",,
2023-09-06,75.00,75.40,74.00,74.50,-0.40,-0.53,"298,962",,
2023-09-05,74.40,75.00,74.00,74.90,0.30,0.40,"276,875",,
2023-09-04,74.40,75.70,74.10,74.60,0.30,0.40,"408,673",,
2023-09-03,76.00,76.00,73.80,74.30,-1.80,-2.37,"391,076",,
2023-08-31,76.20,76.40,74.90,76.10,-0.30,-0.39,"425,568",,
2023-08-30,76.10,76.60,75.50,76.40,0.60,0.79,"277,305",,
2023-08-29,75.30,76.40,74.80,75.80,0.80,1.07,"304,771",,
2023-08-28,75.50,75.50,74.60,75.00,-0.20,-0.27,"178,028",,
2023-08-27,75.90,76.00,74.90,75.20,-0.40,-0.53,"219,882",,
2023-08-24,75.10,75.60,74.70,75.60,0.60,0.80,"403,659",,
2023-08-23,75.60,76.80,75.00,75.00,-1.30,-1.70,"296,931",,
2023-08-22,76.00,76.40,75.10,76.30,-0.10,-0.13,"210,033",,
2023-08-21,76.30,76.60,75.50,76.40,-0.30,-0.39,"245,366",,
2023-08-20,76.90,77.00,76.20,76.70,-0.10,-0.13,"217,463",,
2023-08-17,76.60,76.90,75.70,76.80,0.40,0.52,"302,951",,
2023-08-16,76.10,77.00,76.10,76.40,-0.80,-1.04,"383,030",,
2023-08-15,77.90,78.10,76.50,77.20,-0.70,-0.90,"353,850",,
2023-08-14,78.00,79.00,77.40,77.90,0.30,0.39,"848,113",,
2023-08-13,77.10,78.30,77.00,77.60,0.50,0.65,"319,623",,
2023-08-10,76.40,77.60,76.10,77.10,1.00,1.31,"422,531",,
2023-08-09,78.70,78.70,75.90,76.10,-1.40,-1.81,"526,415",,
2023-08-08,76.00,77.50,75.00,77.50,1.70,2.24,"431,211",,
2023-08-07,77.70,78.50,74.90,75.80,-1.90,-2.45,"351,942",,
2023-08-06,79.80,80.30,77.40,77.70,-1.90,-2.39,"207,022",,
2023-08-03,77.60,80.20,77.60,79.60,0.60,0.76,"515,443",,
2023-08-02,82.30,82.30,78.80,79.00,-3.00,-3.66,"661,565",,
2023-08-01,81.50,82.90,80.80,82.00,0.50,0.61,"370,082",,
2023-07-31,82.60,82.80,80.50,81.50,-0.50,-0.61,"637,933",,
2023-07-30,83.20,83.90,81.50,82.00,-1.20,-1.44,"362,977",,
2023-07-27,84.60,85.70,83.20,83.20,-1.10,-1.30,"660,173",,
2023-07-26,84.00,85.80,83.70,84.30,0.40,0.48,"602,649",,
2023-07-25,84.90,85.90,83.50,83.90,-0.40,-0.47,"962,218",,
2023-07-24,81.90,85.60,81.50,84.30,2.80,3.44,"1,092,005",,
2023-07-23,83.40,83.80,81.30,81.50,-1.80,-2.16,"290,979",,
2023-07-20,81.60,83.80,80.80,83.30,1.40,1.71,"486,927",,
2023-07-19,83.30,84.00,81.70,81.90,-1.30,-1.56,"400,553",,
2023-07-18,83.70,86.20,81.90,83.20,-0.40,-0.48,"1,654,184",,
2023-07-17,79.90,83.70,79.60,83.60,3.70,4.63,"1,577,320",,
2023-07-16,80.70,81.60,79.50,79.90,-1.00,-1.24,"638,698",,
2023-07-13,81.00,81.60,79.40,80.90,-0.10,-0.12,"1,159,769",,
2023-07-12,76.30,81.20,76.30,81.00,4.70,6.16,"3,297,297",,
2023-07-11,75.30,76.90,75.00,76.30,0.90,1.19,"1,119,390",,
2023-07-10,72.20,75.40,72.20,75.40,-0.50,-0.66,"1,175,887",,
2023-07-09,77.40,77.60,75.40,75.90,-0.90,-1.17,"1,123,292",,
2023-07-06,76.40,77.10,75.80,76.80,0.30,0.39,"1,072,791",,
2023-07-05,75.30,77.20,75.30,76.50,1.40,1.86,"2,464,461",,
2023-07-04,73.90,75.20,73.50,75.10,1.30,1.76,"1,129,919",,
2023-07-03,73.50,74.50,73.20,73.80,0.10,0.14,"926,663",,
2023-07-02,73.50,74.10,73.40,73.70,0.30,0.41,"446,866",,
2023-06-22,72.80,73.40,72.20,73.40,0.70,0.96,"545,780",,
2023-06-21,71.90,72.70,71.70,72.70,0.70,0.97,"441,848",,
2023-06-20,71.90,72.20,71.60,72.00,0.00,0.00,"469,178",,
2023-06-19,71.90,72.50,71.70,72.00,0.10,0.14,"997,960",,
2023-06-18,73.00,73.10,71.60,71.90,-0.90,-1.24,"894,539",,
2023-06-15,73.70,73.70,72.60,72.80,-0.80,-1.09,"844,336",,
2023-06-14,73.90,74.10,73.40,73.60,-0.20,-0.27,"585,969",,
2023-06-13,73.50,74.10,73.40,73.80,0.30,0.41,"595,871",,
2023-06-12,73.50,74.10,73.30,73.50,0.00,0.00,"476,913",,
2023-06-11,73.60,74.30,73.00,73.50,-0.10,-0.14,"549,136",,
2023-06-08,73.50,74.80,73.50,73.60,0.30,0.41,"1,424,881",,
2023-06-07,72.30,73.30,72.30,73.30,1.10,1.52,"1,715,228",,
2023-06-06,72.40,72.70,72.00,72.20,-0.20,-0.28,"409,513",,
2023-06-05,72.80,73.00,72.00,72.40,-0.40,-0.55,"485,031",,
2023-06-04,73.10,73.10,72.70,72.80,0.10,0.14,"380,619",,
2023-06-01,72.50,73.20,72.50,72.70,0.20,0.28,"283,927",,
2023-05-31,73.90,73.90,72.10,72.50,-1.00,-1.36,"392,040",,
,,,,,,,,,
,,,,,,,,,
,,,,,,,,,
,,,,,,,,,
,,,,,,,,,
,,,,,,,,,
,,,,,,,,,
,,,,,,,,,
,,,,,,,,,
,,,,,,,,,
,,,,,,,,,
,,,,,,,,,
,,,,,,,,,
,,,,,,,,,
,,,,,,,,,
,,,,,,,,,
,,,,,,,,,
,,,,,,,,,
,,,,,,,,,
,,,,,,,,,
,,,,,,,,,
,,,,,,,,,
,,,,,,,,,
,,,,,,,,,
,,,,,,,,,
,,,,,,,,,
,,,,,,,,,
,,,,,,,,,
,,,,,,,,,
,,,,,,,,,
,,,,,,,,,
,,,,,,,,,
,,,,,,,,,
,,,,,,,,,
,,,,,,,,,
,,,,,,,,,
,,,,,,,,,
,,,,,,,,,
,,,,,,,,,
,,,,,,,,,
,,,,,,,,,
,,,,,,,,,
,,,,,,,,,
,,,,,,,,,
,,,,,,,,,
,,,,,,,,,
,,,,,,,,,
,,,,,,,,,
,,,,,,,,,
,,,,,,,,,
,,,,,,,,,
,,,,,,,,,
,,,,,,,,,
,,,,,,,,,
,,,,,,,,,
,,,,,,,,,
,,,,,,,,,
,,,,,,,,,
,,,,,,,,,
,,,,,,,,,
,,,,,,,,,
,,,,,,,,,
,,,,,,,,,
,,,,,,,,,
,,,,,,,,,
,,,,,,,,,
,,,,,,,,,
,,,,,,,,,
,,,,,,,,,
,,,,,,,,,
,,,,,,,,,
,,,,,,,,,
,,,,,,,,,
,,,,,,,,,
,,,,,,,,,
,,,,,,,,,
,,,,,,,,,
,,,,,,,,,
,,,,,,,,,
,,,,,,,,,
,,,,,,,,,
,,,,,,,,,
,,,,,,,,,
,,,,,,,,,
,,,,,,,,,
,,,,,,,,,
,,,,,,,,,
,,,,,,,,,
,,,,,,,,,
,,,,,,,,,
,,,,,,,,,
,,,,,,,,,
,,,,,,,,,
,,,,,,,,,
,,,,,,,,,
,,,,,,,,,
,,,,,,,,,
,,,,,,,,,
,,,,,,,,,
,,,,,,,,,
2023-05-30,74.00,74.20,73.10,73.50,0.00,0.00,"551,152",,
2023-05-29,71.10,74.00,71.10,73.50,2.40,3.38,"1,355,245",,
2023-05-28,73.00,73.10,70.90,71.10,-1.70,-2.34,"858,171",,
2023-05-25,73.40,73.70,72.60,72.80,-0.60,-0.82,"518,412",,
2023-05-24,73.80,73.90,73.00,73.40,-0.50,-0.68,"481,010",,
2023-05-23,74.20,74.20,73.60,73.90,-0.10,-0.14,"423,766",,
2023-05-22,74.50,74.50,73.90,74.00,-0.60,-0.80,"377,775",,
2023-05-21,74.80,74.90,73.90,74.60,-1.80,-2.36,"590,134",,
2023-05-18,76.40,76.70,76.00,76.40,0.20,0.26,"691,957",,
2023-05-17,76.30,76.60,75.90,76.20,0.00,0.00,"495,486",,
2023-05-16,76.70,76.90,75.50,76.20,-0.40,-0.52,"520,690",,
2023-05-15,77.00,77.30,76.50,76.60,-0.20,-0.26,"405,366",,
2023-05-14,77.00,77.00,76.50,76.80,0.10,0.13,"3,661,070",,
2023-05-11,76.90,76.90,76.50,76.70,0.00,0.00,"193,795",,
2023-05-10,77.10,77.20,76.20,76.70,-0.30,-0.39,"256,999",,
2023-05-09,77.50,77.60,76.80,77.00,0.00,0.00,"408,019",,
2023-05-08,76.20,77.80,76.00,77.00,0.60,0.79,"671,025",,
2023-05-07,76.20,76.70,76.00,76.40,0.40,0.53,"242,586",,
2023-05-04,75.60,76.20,75.50,76.00,0.30,0.40,"246,156",,
2023-05-03,76.60,76.60,75.50,75.70,-1.20,-1.56,"300,740",,
2023-05-02,76.40,77.00,76.00,76.90,0.50,0.65,"511,306",,
2023-05-01,77.10,77.10,76.10,76.40,-0.70,-0.91,"341,048",,
2023-04-30,77.00,77.40,76.90,77.10,0.50,0.65,"777,218",,
2023-04-27,76.00,76.90,76.00,76.60,0.70,0.92,"522,518",,
2023-04-26,75.40,76.10,75.20,75.90,0.70,0.93,"420,895",,
2023-04-25,76.00,76.20,75.10,75.20,-0.50,-0.66,"529,490",,
2023-04-17,76.00,76.20,75.30,75.70,-0.20,-0.26,"409,585",,
2023-04-16,76.20,76.40,75.60,75.90,0.30,0.40,"631,187",,
2023-04-13,78.00,78.00,75.40,75.60,-2.40,-3.08,"1,222,330",,
2023-04-12,78.40,79.50,78.00,78.00,-0.40,-0.51,"335,665",,
2023-04-11,79.70,80.00,78.00,78.40,-1.10,-1.38,"268,236",,
2023-04-10,79.90,79.90,78.50,79.50,-0.40,-0.50,"494,556",,
2023-04-09,81.00,82.20,79.70,79.90,-0.70,-0.87,"350,518",,
2023-04-06,80.90,81.00,79.50,80.60,-0.30,-0.37,"425,302",,
2023-04-05,82.50,83.90,80.30,80.90,-0.90,-1.10,"659,241",,
2023-04-04,78.80,81.80,78.80,81.80,3.30,4.20,"829,002",,
2023-04-03,77.90,79.30,77.90,78.50,0.80,1.03,"485,036",,
2023-04-02,78.00,78.50,77.50,77.70,0.00,0.00,"333,637",,
2023-03-30,77.60,78.70,77.50,77.70,0.20,0.26,"399,726",,
2023-03-29,77.60,77.90,77.10,77.50,-0.20,-0.26,"89,621",,
2023-03-28,78.00,78.50,77.40,77.70,-0.10,-0.13,"142,898",,
2023-03-27,77.30,78.20,77.30,77.80,0.10,0.13,"537,506",,
2023-03-26,78.50,78.50,77.20,77.70,0.20,0.26,"149,361",,
2023-03-23,77.40,78.60,76.00,77.50,0.10,0.13,"254,177",,
2023-03-22,74.50,78.30,74.40,77.40,3.40,4.59,"387,100",,
2023-03-21,73.60,74.30,73.50,74.00,0.30,0.41,"250,128",,
2023-03-20,74.00,74.10,73.40,73.70,-0.30,-0.41,"186,982",,
2023-03-19,74.00,74.50,73.50,74.00,0.00,0.00,"127,242",,
2023-03-16,76.00,76.20,73.60,74.00,-2.00,-2.63,"297,757",,
2023-03-15,75.30,77.00,75.30,76.00,0.00,0.00,"135,769",,
2023-03-14,75.60,76.80,75.30,76.00,-0.10,-0.13,"120,126",,
2023-03-13,77.70,78.00,75.70,76.10,-1.60,-2.06,"346,963",,
2023-03-12,77.00,78.30,77.00,77.70,-0.70,-0.89,"83,012",,
2023-03-09,78.40,78.90,78.40,78.40,-0.10,-0.13,"68,544",,
2023-03-08,78.50,79.50,77.90,78.50,-0.50,-0.63,"160,607",,
2023-03-07,78.60,79.80,78.50,79.00,0.50,0.64,"94,192",,
2023-03-06,79.90,79.90,78.50,78.50,-1.40,-1.75,"201,927",,
2023-03-05,79.80,80.20,78.90,79.90,0.10,0.13,"165,190",,
2023-03-02,79.90,81.10,79.40,79.80,0.30,0.38,"150,870",,
2023-03-01,80.00,80.30,78.60,79.50,-0.50,-0.63,"338,821",,
2023-02-28,77.60,80.00,77.00,80.00,2.70,3.49,"2,103,352",,
2023-02-27,75.30,77.40,75.30,77.30,2.30,3.07,"108,895",,
2023-02-26,75.00,75.50,74.10,75.00,0.00,0.00,"283,009",,
2023-02-23,75.80,75.80,74.50,75.00,-0.80,-1.06,"155,316",,
2023-02-21,76.50,76.70,75.40,75.80,-0.80,-1.04,"283,494",,
2023-02-20,79.00,79.00,76.50,76.60,-2.40,-3.04,"182,681",,
2023-02-19,79.90,80.00,78.30,79.00,-0.30,-0.38,"82,991",,
2023-02-16,80.10,80.10,79.10,79.30,-1.00,-1.25,"104,584",,
2023-02-15,79.20,80.30,78.10,80.30,0.80,1.01,"145,096",,
2023-02-14,79.50,80.20,78.50,79.50,0.20,0.25,"228,678",,
2023-02-13,77.00,79.40,77.00,79.30,2.50,3.26,"323,932",,
2023-02-12,75.80,76.80,75.80,76.80,1.00,1.32,"232,973",,
2023-02-09,76.00,76.20,75.50,75.80,-0.20,-0.26,"49,258",,
2023-02-08,73.90,76.00,73.90,76.00,2.20,2.98,"154,568",,
2023-02-07,74.50,74.80,73.80,73.80,-1.20,-1.60,"93,758",,
2023-02-06,73.20,75.00,73.20,75.00,0.50,0.67,"171,015",,
2023-02-05,75.50,75.50,73.90,74.50,-1.00,-1.32,"116,278",,
2023-02-02,75.80,75.80,75.10,75.50,-0.10,-0.13,"119,611",,
2023-02-01,75.60,75.90,75.10,75.60,-0.20,-0.26,"55,378",,
2023-01-31,75.80,76.20,75.20,75.80,-0.50,-0.66,"105,243",,
2023-01-30,76.50,76.50,76.00,76.30,-0.10,-0.13,"57,264",,
2023-01-29,76.80,76.90,76.20,76.40,0.20,0.26,"94,280",,
2023-01-26,77.00,77.00,75.70,76.20,-0.40,-0.52,"220,750",,
2023-01-25,75.60,77.70,75.50,76.60,1.40,1.86,"488,767",,
2023-01-24,75.10,75.50,75.00,75.20,-0.10,-0.13,"104,839",,
2023-01-23,74.90,75.30,74.50,75.30,0.40,0.53,"72,064",,
2023-01-22,74.30,75.60,74.30,74.90,0.60,0.81,"196,722",,
2023-01-19,75.00,75.00,74.20,74.30,-1.00,-1.33,"265,367",,
2023-01-18,73.80,75.60,73.50,75.30,1.50,2.03,"143,010",,
2023-01-17,74.80,74.80,73.40,73.80,-0.90,-1.20,"458,639",,
2023-01-16,75.00,75.00,73.70,74.70,-0.20,-0.27,"220,045",,
2023-01-15,76.30,76.60,74.50,74.90,-1.40,-1.83,"228,765",,
2023-01-12,76.40,76.80,75.20,76.30,-0.10,-0.13,"202,626",,
2023-01-11,74.20,76.80,73.50,76.40,2.30,3.10,"363,143",,
2023-01-10,71.00,74.50,71.00,74.10,4.20,6.01,"956,939",,
2023-01-09,69.40,69.90,69.10,69.90,0.50,0.72,"129,445",,
2023-01-08,69.70,69.80,69.00,69.40,-0.40,-0.57,"107,435",,
2023-01-05,68.30,69.80,68.30,69.80,1.10,1.60,"77,710",,
2023-01-04,70.90,70.90,68.60,68.70,-2.20,-3.10,"268,575",,
2023-01-03,70.70,71.40,70.50,70.90,0.40,0.57,"211,014",,
,,,,,,,,,
,,,,,,,,,
,,,,,,,,,
,,,,,,,,,
,,,,,,,,,
,,,,,,,,,
,,,,,,,,,
,,,,,,,,,
,,,,,,,,,
,,,,,,,,,
,,,,,,,,,
,,,,,,,,,
,,,,,,,,,
,,,,,,,,,
,,,,,,,,,
,,,,,,,,,
,,,,,,,,,
,,,,,,,,,
,,,,,,,,,
,,,,,,,,,
,,,,,,,,,
,,,,,,,,,
,,,,,,,,,
,,,,,,,,,
,,,,,,,,,
,,,,,,,,,
,,,,,,,,,
,,,,,,,,,
,,,,,,,,,
,,,,,,,,,
,,,,,,,,,
,,,,,,,,,
,,,,,,,,,
,,,,,,,,,
,,,,,,,,,
,,,,,,,,,
,,,,,,,,,
,,,,,,,,,
,,,,,,,,,
,,,,,,,,,
,,,,,,,,,
,,,,,,,,,
,,,,,,,,,
,,,,,,,,,
,,,,,,,,,
,,,,,,,,,
,,,,,,,,,
,,,,,,,,,
,,,,,,,,,
,,,,,,,,,
,,,,,,,,,
,,,,,,,,,
,,,,,,,,,
,,,,,,,,,
,,,,,,,,,
,,,,,,,,,
,,,,,,,,,
,,,,,,,,,
,,,,,,,,,
,,,,,,,,,
,,,,,,,,,
,,,,,,,,,
,,,,,,,,,
,,,,,,,,,
,,,,,,,,,
,,,,,,,,,
,,,,,,,,,
,,,,,,,,,
,,,,,,,,,
,,,,,,,,,
,,,,,,,,,
,,,,,,,,,
,,,,,,,,,
,,,,,,,,,
,,,,,,,,,
,,,,,,,,,
,,,,,,,,,
,,,,,,,,,
,,,,,,,,,
,,,,,,,,,
,,,,,,,,,
,,,,,,,,,
,,,,,,,,,
,,,,,,,,,
,,,,,,,,,
,,,,,,,,,
,,,,,,,,,
,,,,,,,,,
,,,,,,,,,
,,,,,,,,,
,,,,,,,,,
,,,,,,,,,
,,,,,,,,,
,,,,,,,,,
,,,,,,,,,
,,,,,,,,,
,,,,,,,,,
,,,,,,,,,
,,,,,,,,,
,,,,,,,,,
2023-01-02,69.40,70.70,69.40,70.50,1.10,1.59,"171,287",,
2023-01-01,69.60,70.00,69.30,69.40,0.30,0.43,"97,532",,
2022-12-29,68.00,69.20,67.60,69.10,1.20,1.77,"250,288",,
2022-12-28,67.00,67.90,67.00,67.90,1.00,1.49,"91,829",,
2022-12-27,66.60,67.30,66.40,66.90,0.60,0.90,"152,984",,
2022-12-26,67.30,67.30,66.30,66.30,-1.10,-1.63,"93,916",,
2022-12-25,68.40,68.50,67.40,67.40,-0.90,-1.32,"71,882",,
2022-12-22,68.00,68.60,67.50,68.30,0.50,0.74,"144,210",,
2022-12-21,66.80,68.20,66.70,67.80,1.20,1.80,"223,796",,
2022-12-20,66.40,67.10,65.90,66.60,0.10,0.15,"228,946",,
2022-12-19,67.90,68.10,66.40,66.50,-1.50,-2.21,"145,928",,
2022-12-18,67.10,68.10,66.40,68.00,0.90,1.34,"259,183",,
2022-12-15,68.20,69.00,67.10,67.10,-0.90,-1.32,"315,634",,
2022-12-14,69.60,69.90,68.00,68.00,-1.40,-2.02,"245,375",,
2022-12-13,71.10,71.20,69.20,69.40,-1.40,-1.98,"429,405",,
2022-12-12,72.70,72.70,70.20,70.80,-1.90,-2.61,"139,504",,
2022-12-11,72.90,73.00,72.00,72.70,0.20,0.28,"72,021",,
2022-12-08,72.30,73.00,71.90,72.50,0.00,0.00,"75,595",,
2022-12-07,72.00,72.80,72.00,72.50,0.50,0.69,"68,141",,
2022-12-06,72.40,73.10,71.40,72.00,-0.70,-0.96,"139,702",,
2022-12-05,72.70,73.00,72.00,72.70,-0.30,-0.41,"82,788",,
2022-12-04,74.00,74.50,72.80,73.00,-1.00,-1.35,"88,120",,
2022-12-01,74.00,74.70,73.90,74.00,0.00,0.00,"133,220",,
2022-11-30,74.00,74.10,73.50,74.00,0.30,0.41,"242,322",,
2022-11-29,73.10,74.00,73.00,73.70,1.50,2.08,"181,895",,
2022-11-28,72.10,73.10,71.10,72.20,-0.10,-0.14,"231,412",,
2022-11-27,73.20,73.30,72.10,72.30,-0.80,-1.09,"153,715",,
2022-11-24,74.00,74.00,73.10,73.10,-0.90,-1.22,"147,746",,
2022-11-22,73.80,74.00,73.20,74.00,0.20,0.27,"584,952",,
2022-11-21,73.50,74.10,73.10,73.80,-0.20,-0.27,"180,978",,
2022-11-20,73.70,74.10,73.40,74.00,0.70,0.95,"229,309",,
2022-11-17,74.00,75.00,73.30,73.30,-0.50,-0.68,"770,168",,
2022-11-16,73.20,74.30,73.20,73.80,0.40,0.54,"276,739",,
2022-11-15,73.70,74.00,73.00,73.40,-0.10,-0.14,"159,940",,
2022-11-14,73.50,74.00,73.00,73.50,-0.30,-0.41,"143,689",,
2022-11-13,75.00,75.00,73.60,73.80,-0.10,-0.14,"182,178",,
2022-11-10,75.20,75.20,73.30,73.90,-1.60,-2.12,"358,737",,
2022-11-09,74.90,75.70,74.80,75.50,0.60,0.80,"222,269",,
2022-11-08,73.90,75.90,73.70,74.90,1.00,1.35,"542,356",,
2022-11-07,74.10,74.30,73.60,73.90,-0.10,-0.14,"271,575",,
2022-11-06,74.00,74.70,73.60,74.00,0.50,0.68,"493,450",,
2022-11-03,73.60,74.30,73.20,73.50,-0.70,-0.94,"325,081",,
2022-11-02,76.00,76.00,73.50,74.20,-1.30,-1.72,"425,632",,
2022-11-01,76.70,76.70,75.20,75.50,-1.00,-1.31,"275,550",,
2022-10-31,76.70,78.30,76.50,76.50,0.10,0.13,"246,111",,
2022-10-30,75.60,77.30,75.50,76.40,0.80,1.06,"293,320",,
2022-10-27,76.30,76.80,75.20,75.60,-0.10,-0.13,"394,239",,
2022-10-26,78.00,78.30,75.70,75.70,-2.60,-3.32,"413,086",,
2022-10-25,80.20,80.20,77.90,78.30,-1.80,-2.25,"697,313",,
2022-10-24,79.40,80.80,78.90,80.10,0.70,0.88,"659,762",,
2022-10-23,78.80,79.60,78.20,79.40,1.20,1.53,"472,970",,
2022-10-20,77.10,78.20,76.90,78.20,1.30,1.69,"682,769",,
2022-10-19,77.80,77.90,76.90,76.90,-0.50,-0.65,"403,416",,
2022-10-18,77.90,78.90,77.20,77.40,0.40,0.52,"567,151",,
2022-10-17,77.50,78.00,76.50,77.00,-0.40,-0.52,"507,665",,
2022-10-16,79.10,79.90,77.40,77.40,-1.90,-2.40,"245,314",,
2022-10-13,80.30,80.80,79.00,79.30,-1.50,-1.86,"383,375",,
2022-10-12,81.90,82.60,80.80,80.80,-1.10,-1.34,"325,597",,
2022-10-11,84.70,84.70,81.20,81.90,-2.90,-3.42,"487,068",,
2022-10-10,87.50,88.00,84.10,84.80,-2.70,-3.09,"384,127",,
2022-10-09,87.60,88.80,87.20,87.50,-1.90,-2.13,"108,962",,
2022-10-06,87.60,90.70,87.60,89.40,4.80,5.67,"543,224",,
2022-10-05,84.00,85.05,83.70,84.60,1.05,1.26,"437,862",,
2022-10-04,84.00,84.75,83.25,83.55,0.00,0.00,"335,806",,
2022-10-03,82.05,83.85,81.60,83.55,1.65,2.01,"324,449",,
2022-10-02,82.50,82.50,80.70,81.90,-0.60,-0.73,"299,975",,
2022-09-29,82.05,82.50,80.70,82.50,2.25,2.80,"282,546",,
2022-09-28,80.25,80.25,77.25,80.25,0.75,0.94,"462,958",,
2022-09-27,80.40,80.40,78.60,79.50,-0.30,-0.38,"377,320",,
2022-09-26,83.10,83.10,79.65,79.80,-1.95,-2.39,"398,259",,
2022-09-25,81.75,82.80,81.15,81.75,-2.25,-2.68,"189,075",,
2022-09-21,82.65,84.00,81.75,84.00,0.75,0.90,"253,576",,
2022-09-20,84.30,84.75,82.65,83.25,-0.75,-0.89,"137,203",,
2022-09-19,86.25,86.25,83.40,84.00,-3.00,-3.45,"213,052",,
2022-09-18,85.35,87.00,84.60,87.00,1.80,2.11,"216,004",,
2022-09-15,89.10,89.10,85.20,85.20,-2.85,-3.24,"398,621",,
2022-09-14,88.35,89.25,87.45,88.05,-1.20,-1.34,"106,720",,
2022-09-13,89.10,89.25,88.65,89.25,0.15,0.17,"114,820",,
2022-09-12,90.75,91.05,88.95,89.10,-1.80,-1.98,"228,305",,
2022-09-11,89.85,91.50,89.70,90.90,1.50,1.68,"132,897",,
2022-09-08,89.55,89.55,88.50,89.40,0.90,1.02,"155,915",,
2022-09-07,90.30,90.30,88.50,88.50,-1.20,-1.34,"78,758",,
2022-09-06,89.85,90.60,89.25,89.70,0.90,1.01,"141,742",,
2022-09-05,89.70,89.70,88.35,88.80,-0.60,-0.67,"42,051",,
2022-09-04,88.35,89.40,88.35,89.40,1.20,1.36,"45,491",,
2022-09-01,90.00,90.75,88.20,88.20,-1.50,-1.67,"141,470",,
2022-08-31,91.35,91.35,89.40,89.70,-1.05,-1.16,"219,820",,
2022-08-30,92.25,92.55,90.75,90.75,-1.35,-1.47,"178,813",,
2022-08-29,91.20,93.00,91.05,92.10,0.75,0.82,"205,035",,
2022-08-28,91.50,91.50,90.75,91.35,-0.60,-0.65,"140,554",,
2022-08-25,92.25,92.85,91.95,91.95,-0.15,-0.16,"98,352",,
2022-08-24,92.25,94.05,91.50,92.10,0.30,0.33,"147,382",,
2022-08-23,92.55,93.00,91.50,91.80,-1.05,-1.13,"70,765",,
2022-08-22,92.85,92.85,91.65,92.85,0.45,0.49,"152,232",,
2022-08-21,92.85,93.60,92.25,92.40,0.00,0.00,"130,443",,
2022-08-18,93.00,93.45,92.40,92.40,-0.45,-0.48,"175,058",,
2022-08-17,91.80,93.00,91.20,92.85,1.05,1.14,"421,508",,
2022-08-16,94.35,94.65,91.20,91.80,-2.10,-2.24,"383,605",,
2022-08-15,93.75,94.35,92.85,93.90,0.15,0.16,"267,181",,
2022-08-14,94.80,94.80,93.60,93.75,-2.10,-2.19,"210,475",,
,,,,,,,,,
,,,,,,,,,
,,,,,,,,,
,,,,,,,,,
,,,,,,,,,
,,,,,,,,,
,,,,,,,,,
,,,,,,,,,
,,,,,,,,,
,,,,,,,,,
,,,,,,,,,
,,,,,,,,,
,,,,,,,,,
,,,,,,,,,
,,,,,,,,,
,,,,,,,,,
,,,,,,,,,
,,,,,,,,,
,,,,,,,,,
,,,,,,,,,
,,,,,,,,,
,,,,,,,,,
,,,,,,,,,
,,,,,,,,,
,,,,,,,,,
,,,,,,,,,
,,,,,,,,,
,,,,,,,,,
,,,,,,,,,
,,,,,,,,,
,,,,,,,,,
,,,,,,,,,
,,,,,,,,,
,,,,,,,,,
,,,,,,,,,
,,,,,,,,,
,,,,,,,,,
,,,,,,,,,
,,,,,,,,,
,,,,,,,,,
,,,,,,,,,
,,,,,,,,,
,,,,,,,,,
,,,,,,,,,
,,,,,,,,,
,,,,,,,,,
,,,,,,,,,
,,,,,,,,,
,,,,,,,,,
,,,,,,,,,
,,,,,,,,,
,,,,,,,,,
,,,,,,,,,
,,,,,,,,,
,,,,,,,,,
,,,,,,,,,
,,,,,,,,,
,,,,,,,,,
,,,,,,,,,
,,,,,,,,,
,,,,,,,,,
,,,,,,,,,
,,,,,,,,,
,,,,,,,,,
,,,,,,,,,
,,,,,,,,,
,,,,,,,,,
,,,,,,,,,
,,,,,,,,,
,,,,,,,,,
,,,,,,,,,
,,,,,,,,,
,,,,,,,,,
,,,,,,,,,
,,,,,,,,,
,,,,,,,,,
,,,,,,,,,
,,,,,,,,,
,,,,,,,,,
,,,,,,,,,
,,,,,,,,,
,,,,,,,,,
,,,,,,,,,
,,,,,,,,,
,,,,,,,,,
,,,,,,,,,
,,,,,,,,,
,,,,,,,,,
,,,,,,,,,
,,,,,,,,,
,,,,,,,,,
,,,,,,,,,
,,,,,,,,,
,,,,,,,,,
,,,,,,,,,
,,,,,,,,,
,,,,,,,,,
,,,,,,,,,
,,,,,,,,,
,,,,,,,,,
2022-08-11,96.60,97.05,95.25,95.85,-0.30,-0.31,"482,328",,
2022-08-10,95.40,96.30,94.50,96.15,1.05,1.10,"253,196",,
2022-08-09,96.75,98.40,94.35,95.10,2.55,2.76,"1,150,879",,
2022-08-08,90.60,92.85,90.00,92.55,1.95,2.15,"522,744",,
2022-08-07,90.75,90.90,89.25,90.60,0.15,0.17,"232,650",,
2022-08-04,90.15,91.05,89.55,90.45,0.00,0.00,"504,602",,
2022-08-03,90.15,90.90,89.40,90.45,0.30,0.33,"556,639",,
2022-08-02,88.80,90.15,88.05,90.15,1.35,1.52,"751,193",,
2022-08-01,89.10,89.55,88.35,88.80,-0.15,-0.17,"339,220",,
2022-07-31,89.25,89.55,88.65,88.95,-0.15,-0.17,"379,325",,
2022-07-28,88.35,89.55,87.90,89.10,1.20,1.37,"955,661",,
2022-07-27,87.45,88.05,87.00,87.90,0.00,0.00,"219,695",,
2022-07-26,87.60,88.35,87.30,87.90,0.15,0.17,"365,050",,
2022-07-25,87.75,88.05,86.85,87.75,-0.15,-0.17,"356,236",,
2022-07-24,88.65,88.65,86.70,87.90,0.00,0.00,"472,584",,
2022-07-21,85.65,89.10,85.50,87.90,2.40,2.81,"320,299",,
2022-07-20,85.50,86.25,84.75,85.50,0.30,0.35,"263,451",,
2022-07-19,83.85,85.65,83.70,85.20,1.20,1.43,"230,269",,
2022-07-18,84.60,84.75,81.60,84.00,4.35,5.46,"442,334",,
2022-07-17,81.75,81.75,79.65,79.65,-0.15,-0.19,"133,487",,
2022-07-14,82.80,82.80,79.50,79.80,-3.00,-3.62,"201,566",,
2022-07-13,81.75,84.45,81.75,82.80,1.20,1.47,"155,264",,
2022-07-06,81.75,82.50,81.45,81.60,-0.90,-1.09,"67,648",,
2022-07-05,83.40,83.40,82.50,82.50,-0.15,-0.18,"61,338",,
2022-07-04,84.90,85.05,82.50,82.65,-2.55,-2.99,"161,025",,
2022-07-03,85.35,86.25,85.20,85.20,0.30,0.35,"43,772",,
2022-06-30,86.55,86.70,84.90,84.90,-1.65,-1.91,"47,859",,
2022-06-29,85.20,86.55,85.05,86.55,1.05,1.23,"112,972",,
2022-06-28,84.15,85.50,84.15,85.50,0.60,0.71,"80,223",,
2022-06-27,86.10,86.40,84.90,84.90,-1.20,-1.39,"68,229",,
2022-06-26,85.65,86.25,85.35,86.10,1.05,1.23,"87,898",,
2022-06-23,84.75,85.20,84.00,85.05,-0.75,-0.87,"70,085",,
2022-06-22,87.60,87.60,84.00,85.80,-1.95,-2.22,"1,033,405",,
2022-06-21,85.20,87.75,85.20,87.75,3.00,3.54,"307,991",,
2022-06-20,85.05,86.25,84.75,84.75,0.75,0.89,"38,968",,
2022-06-19,84.00,87.00,81.15,84.00,-2.55,-2.95,"209,603",,
2022-06-16,86.25,87.60,85.65,86.55,1.65,1.94,"138,935",,
2022-06-15,83.85,87.90,83.85,84.90,0.90,1.07,"172,153",,
2022-06-14,84.75,84.90,81.00,84.00,-0.15,-0.18,"242,875",,
2022-06-13,86.55,86.55,81.60,84.15,-2.85,-3.28,"1,696,998",,
2022-06-12,86.40,87.75,85.50,87.00,-0.30,-0.34,"133,317",,
2022-06-09,87.30,87.45,86.55,87.30,-0.15,-0.17,"122,232",,
2022-06-08,88.05,88.05,87.15,87.45,-0.60,-0.68,"100,224",,
2022-06-07,88.05,88.95,86.85,88.05,-0.45,-0.51,"116,050",,
2022-06-06,88.95,89.25,88.50,88.50,0.15,0.17,"96,016",,
2022-06-05,88.35,89.10,87.30,88.35,0.00,0.00,"71,037",,
2022-06-02,87.45,88.35,87.00,88.35,0.45,0.51,"96,656",,
2022-06-01,87.60,88.05,87.15,87.90,1.20,1.38,"106,277",,
2022-05-31,88.35,88.35,86.70,86.70,-1.05,-1.20,"292,081",,
2022-05-30,90.15,90.30,87.75,87.75,-2.10,-2.34,"388,040",,
2022-05-29,90.00,90.15,88.35,89.85,1.20,1.35,"147,224",,
2022-05-26,88.50,88.65,87.75,88.65,0.15,0.17,"116,394",,
2022-05-25,88.50,88.95,88.05,88.50,0.00,0.00,"235,381",,
2022-05-24,89.25,89.25,88.05,88.50,-0.60,-0.67,"268,420",,
2022-05-23,89.55,91.50,88.50,89.10,1.05,1.19,"4,337,824",,
2022-05-22,89.25,89.70,88.05,88.05,-1.20,-1.34,"124,380",,
2022-05-19,86.55,89.25,86.55,89.25,-0.75,-0.83,"349,051",,
2022-05-18,89.40,91.20,89.25,90.00,0.60,0.67,"268,447",,
2022-05-17,89.10,90.30,87.90,89.40,0.30,0.34,"274,305",,
2022-05-16,90.75,90.75,88.05,89.10,-1.50,-1.66,"223,406",,
2022-05-15,88.35,90.90,87.30,90.60,3.30,3.78,"189,558",,
2022-05-12,92.25,92.40,87.15,87.30,-4.95,-5.37,"803,808",,
2022-05-11,95.40,95.40,91.65,92.25,-2.40,-2.54,"259,618",,
2022-05-10,96.00,96.00,93.60,94.65,-1.35,-1.41,"288,861",,
2022-05-09,95.10,96.00,94.35,96.00,0.90,0.95,"373,851",,
2022-05-08,96.60,96.60,94.50,95.10,-1.35,-1.40,"257,456",,
2022-04-28,97.65,97.95,96.45,96.45,-0.30,-0.31,"345,953",,
2022-04-27,99.00,99.00,96.60,96.75,-2.25,-2.27,"400,389",,
2022-04-26,98.85,99.00,97.35,99.00,-0.60,-0.60,"287,535",,
2022-04-25,100.50,100.50,97.50,99.60,-0.15,-0.15,"197,666",,
2022-04-24,99.75,101.70,99.15,99.75,-1.35,-1.34,"103,448",,
2022-04-21,100.50,101.25,99.15,101.10,1.05,1.05,"120,684",,
2022-04-20,100.65,101.25,99.30,100.05,-0.75,-0.74,"128,785",,
2022-04-19,100.20,101.40,99.45,100.80,0.60,0.60,"150,900",,
2022-04-18,99.75,100.65,99.75,100.20,-0.60,-0.60,"123,921",,
2022-04-17,101.10,101.70,100.50,100.80,-1.95,-1.90,"162,163",,
2022-04-14,102.75,103.35,101.85,102.75,0.15,0.15,"195,572",,
2022-04-13,102.75,103.95,102.30,102.60,-0.15,-0.15,"165,564",,
2022-04-12,103.65,103.65,102.15,102.75,-1.05,-1.01,"248,190",,
2022-04-11,104.25,106.50,103.05,103.80,0.30,0.29,"682,986",,
2022-04-10,101.25,104.10,101.25,103.50,2.25,2.22,"450,039",,
2022-04-07,101.70,102.15,99.75,101.25,-0.45,-0.44,"143,431",,
2022-04-06,102.00,103.80,100.65,101.70,0.00,0.00,"578,915",,
2022-04-05,100.80,102.90,99.90,101.70,0.90,0.89,"388,452",,
2022-04-04,100.80,101.25,100.50,100.80,0.00,0.00,"98,036",,
2022-04-03,99.75,101.70,98.55,100.80,1.05,1.05,"163,847",,
2022-03-31,97.65,100.95,97.65,99.75,2.10,2.15,"651,293",,
2022-03-30,99.00,99.00,97.35,97.65,-1.20,-1.21,"215,564",,
2022-03-29,97.20,99.00,96.30,98.85,2.10,2.17,"389,490",,
2022-03-28,96.45,97.05,95.85,96.75,0.15,0.16,"223,312",,
2022-03-27,96.75,96.75,95.85,96.60,0.60,0.62,"167,177",,
2022-03-24,97.65,97.65,95.40,96.00,-0.75,-0.78,"309,159",,
2022-03-23,97.50,97.95,96.75,96.75,-0.75,-0.77,"372,560",,
2022-03-22,97.20,97.80,96.90,97.50,0.45,0.46,"123,237",,
2022-03-21,98.40,98.85,96.60,97.05,-1.65,-1.67,"228,833",,
2022-03-20,98.85,99.45,97.50,98.70,1.20,1.23,"89,351",,
2022-03-17,97.65,98.55,96.90,97.50,-0.15,-0.15,"639,967",,
2022-03-16,97.20,97.95,97.20,97.65,0.45,0.46,"202,727",,
2022-03-15,97.50,98.25,96.60,97.20,0.45,0.47,"179,236",,
2022-03-14,99.60,99.60,96.75,96.75,-1.50,-1.53,"149,158",,
,,,,,,,,,
,,,,,,,,,
,,,,,,,,,
,,,,,,,,,
,,,,,,,,,
,,,,,,,,,
,,,,,,,,,
,,,,,,,,,
,,,,,,,,,
,,,,,,,,,
,,,,,,,,,
,,,,,,,,,
,,,,,,,,,
,,,,,,,,,
,,,,,,,,,
,,,,,,,,,
,,,,,,,,,
,,,,,,,,,
,,,,,,,,,
,,,,,,,,,
,,,,,,,,,
,,,,,,,,,
,,,,,,,,,
,,,,,,,,,
,,,,,,,,,
,,,,,,,,,
,,,,,,,,,
,,,,,,,,,
,,,,,,,,,
,,,,,,,,,
,,,,,,,,,
,,,,,,,,,
,,,,,,,,,
,,,,,,,,,
,,,,,,,,,
,,,,,,,,,
,,,,,,,,,
,,,,,,,,,
,,,,,,,,,
,,,,,,,,,
,,,,,,,,,
,,,,,,,,,
,,,,,,,,,
,,,,,,,,,
,,,,,,,,,
,,,,,,,,,
,,,,,,,,,
,,,,,,,,,
,,,,,,,,,
,,,,,,,,,
,,,,,,,,,
,,,,,,,,,
,,,,,,,,,
,,,,,,,,,
,,,,,,,,,
,,,,,,,,,
,,,,,,,,,
,,,,,,,,,
,,,,,,,,,
,,,,,,,,,
,,,,,,,,,
,,,,,,,,,
,,,,,,,,,
,,,,,,,,,
,,,,,,,,,
,,,,,,,,,
,,,,,,,,,
,,,,,,,,,
,,,,,,,,,
,,,,,,,,,
,,,,,,,,,
,,,,,,,,,
,,,,,,,,,
,,,,,,,,,
,,,,,,,,,
,,,,,,,,,
,,,,,,,,,
,,,,,,,,,
,,,,,,,,,
,,,,,,,,,
,,,,,,,,,
,,,,,,,,,
,,,,,,,,,
,,,,,,,,,
,,,,,,,,,
,,,,,,,,,
,,,,,,,,,
,,,,,,,,,
,,,,,,,,,
,,,,,,,,,
,,,,,,,,,
,,,,,,,,,
,,,,,,,,,
,,,,,,,,,
,,,,,,,,,
,,,,,,,,,
,,,,,,,,,
,,,,,,,,,
,,,,,,,,,
,,,,,,,,,
2022-03-13,98.85,99.75,98.25,98.25,-0.60,-0.61,"204,111",,
2022-03-10,99.75,99.75,98.40,98.85,-1.05,-1.05,"260,448",,
2022-03-09,99.75,100.80,99.45,99.90,0.15,0.15,"214,671",,
2022-03-08,99.75,101.55,99.00,99.75,1.20,1.22,"431,463",,
2022-03-07,101.25,101.25,97.80,98.55,-2.70,-2.67,"332,926",,
2022-03-06,103.50,103.50,100.50,101.25,1.20,1.20,"458,573",,
2022-03-03,100.35,100.50,98.25,100.05,0.30,0.30,"300,008",,
2022-03-02,99.30,99.75,97.95,99.75,2.25,2.31,"438,418",,
2022-03-01,97.50,99.30,96.75,97.50,0.00,0.00,"413,638",,
2022-02-28,96.00,97.50,95.70,97.50,1.50,1.56,"152,259",,
2022-02-27,96.30,96.60,95.70,96.00,1.05,1.11,"194,515",,
2022-02-24,97.50,97.50,94.80,94.95,-3.15,-3.21,"415,030",,
2022-02-23,95.25,98.25,95.25,98.10,2.85,2.99,"787,447",,
2022-02-21,96.00,96.15,94.80,95.25,0.00,0.00,"444,080",,
2022-02-20,96.45,97.50,94.50,95.25,-2.25,-2.31,"285,732",,
2022-02-17,98.10,98.10,96.75,97.50,0.00,0.00,"213,545",,
2022-02-16,97.65,98.25,97.05,97.50,0.15,0.15,"540,176",,
2022-02-15,97.35,97.80,96.60,97.35,-0.15,-0.15,"627,878",,
2022-02-14,97.65,98.70,96.75,97.50,-0.75,-0.76,"510,009",,
2022-02-13,98.85,98.85,94.35,98.25,-0.90,-0.91,"337,049",,
2022-02-10,99.90,99.90,98.25,99.15,-0.60,-0.60,"352,491",,
2022-02-09,100.50,100.95,99.15,99.75,0.00,0.00,"173,054",,
2022-02-08,100.50,101.10,99.30,99.75,-0.75,-0.75,"199,363",,
2022-02-07,101.25,101.70,99.30,100.50,-0.60,-0.59,"288,950",,
2022-02-06,102.00,102.15,100.95,101.10,-0.60,-0.59,"204,387",,
2022-02-03,102.60,102.75,101.25,101.70,-0.60,-0.59,"153,110",,
2022-02-02,103.20,105.60,102.30,102.30,-2.25,-2.15,"419,856",,
2022-02-01,104.55,105.00,102.90,104.55,0.00,0.00,"113,160",,
2022-01-31,104.40,105.30,104.40,104.55,0.15,0.14,"240,969",,
2022-01-30,103.35,104.40,103.20,104.40,1.65,1.61,"221,978",,
2022-01-27,101.85,103.35,101.10,102.75,0.75,0.74,"278,004",,
2022-01-26,102.15,103.05,101.70,102.00,0.15,0.15,"331,606",,
2022-01-25,102.75,102.75,101.70,101.85,-1.35,-1.31,"248,635",,
2022-01-24,102.90,103.20,102.45,103.20,0.30,0.29,"121,205",,
2022-01-23,104.40,104.40,102.90,102.90,-1.50,-1.44,"118,022",,
2022-01-20,104.25,105.45,103.50,104.40,0.15,0.14,"190,482",,
2022-01-19,105.15,105.30,104.10,104.25,-1.35,-1.28,"174,450",,
2022-01-18,105.90,106.20,104.85,105.60,-0.15,-0.14,"110,332",,
2022-01-17,105.75,105.90,104.85,105.75,0.00,0.00,"143,122",,
2022-01-16,106.80,107.55,104.85,105.75,-1.05,-0.98,"189,610",,
2022-01-13,107.10,107.85,105.75,106.80,0.30,0.28,"265,143",,
2022-01-12,106.35,107.25,105.75,106.50,0.30,0.28,"182,378",,
2022-01-11,108.15,108.15,105.15,106.20,-2.40,-2.21,"279,778",,
2022-01-10,109.95,111.00,107.85,108.60,-0.45,-0.41,"347,541",,
2022-01-09,107.25,110.55,107.25,109.05,1.80,1.68,"165,992",,
2022-01-06,105.90,108.00,105.00,107.25,1.05,0.99,"198,175",,
2022-01-05,105.00,106.20,103.50,106.20,1.20,1.14,"121,472",,
2022-01-04,104.70,105.75,103.95,105.00,0.45,0.43,"102,180",,
2022-01-03,106.35,108.45,103.80,104.55,-1.80,-1.69,"196,247",,
2022-01-02,101.40,107.25,101.40,106.35,4.80,4.73,"257,896",,
2021-12-30,100.80,102.45,100.65,101.55,0.75,0.74,"106,243",,
2021-12-29,100.35,102.60,100.20,100.80,0.60,0.60,"242,653",,
2021-12-28,99.00,100.50,98.40,100.20,1.50,1.52,"187,443",,
2021-12-27,97.35,98.70,96.60,98.70,1.20,1.23,"57,484",,
2021-12-26,98.85,98.85,97.35,97.50,-1.35,-1.37,"53,420",,
2021-12-23,98.40,99.00,97.50,98.85,0.45,0.46,"66,924",,
2021-12-22,97.95,100.05,97.95,98.40,0.75,0.77,"137,837",,
2021-12-21,97.95,99.00,97.50,97.65,-0.30,-0.31,"130,265",,
2021-12-20,99.00,99.45,97.05,97.95,-1.80,-1.80,"194,098",,
2021-12-19,102.15,102.15,99.45,99.75,-2.25,-2.21,"111,579",,
2021-12-16,101.25,104.40,100.95,102.00,1.20,1.19,"335,545",,
2021-12-15,99.15,101.25,99.00,100.80,2.10,2.13,"148,295",,
2021-12-14,96.75,99.15,96.75,98.70,2.25,2.33,"333,982",,
2021-12-13,99.00,99.00,96.45,96.45,-2.10,-2.13,"213,088",,
2021-12-12,98.70,99.45,97.95,98.55,0.00,0.00,"40,426",,
2021-12-09,99.75,100.20,97.50,98.55,-1.20,-1.20,"109,621",,
2021-12-08,99.30,100.65,98.25,99.75,0.45,0.45,"98,208",,
2021-12-07,98.10,99.45,98.10,99.30,1.35,1.38,"157,500",,
2021-12-06,101.40,101.40,97.50,97.95,-3.45,-3.40,"225,232",,
2021-12-05,102.45,102.45,99.75,101.40,1.95,1.96,"151,262",,
2021-12-02,98.10,99.75,96.30,99.45,1.95,2.00,"100,315",,
2021-12-01,96.00,98.10,93.00,97.50,3.00,3.17,"182,338",,
2021-11-30,95.55,95.85,92.25,94.50,-0.90,-0.94,"452,813",,
2021-11-29,97.65,99.60,94.80,95.40,-2.85,-2.90,"211,240",,
2021-11-28,93.75,99.00,93.75,98.25,-2.10,-2.09,"246,840",,
2021-11-25,102.00,102.90,99.30,100.35,-0.90,-0.89,"255,059",,
2021-11-24,104.25,104.25,100.80,101.25,0.00,0.00,"61,245",,
2021-11-23,98.40,101.25,98.40,101.25,1.50,1.50,"289,249",,
2021-11-22,102.60,102.75,99.30,99.75,-2.70,-2.64,"188,833",,
2021-11-21,104.25,104.25,100.65,102.45,-1.80,-1.73,"255,831",,
2021-11-18,105.75,105.90,104.25,104.25,-1.80,-1.70,"70,553",,
2021-11-17,106.35,106.50,105.75,106.05,-0.45,-0.42,"79,003",,
2021-11-16,106.20,106.65,106.05,106.50,0.00,0.00,"99,507",,
2021-11-15,106.95,106.95,105.30,106.50,-0.45,-0.42,"272,535",,
2021-11-14,106.65,107.40,105.45,106.95,0.75,0.71,"177,233",,
2021-11-11,108.75,108.90,106.20,106.20,-2.40,-2.21,"170,609",,
2021-11-10,106.95,108.60,106.95,108.60,2.10,1.97,"212,939",,
2021-11-09,106.50,106.65,105.30,106.50,0.00,0.00,"121,292",,
2021-11-08,106.20,106.65,105.30,106.50,0.30,0.28,"119,965",,
2021-11-07,107.85,107.85,106.20,106.20,-1.05,-0.98,"51,169",,
2021-11-04,106.20,107.25,106.05,107.25,1.05,0.99,"146,182",,
2021-11-03,104.25,106.50,104.25,106.20,1.20,1.14,"227,508",,
2021-11-02,103.95,105.00,103.35,105.00,1.05,1.01,"126,750",,
2021-11-01,106.50,106.50,103.95,103.95,-1.20,-1.14,"83,978",,
2021-10-31,105.60,105.60,104.85,105.15,-0.45,-0.43,"54,479",,
2021-10-28,105.00,105.90,105.00,105.60,0.60,0.57,"73,381",,
2021-10-27,105.45,106.20,105.00,105.00,-0.30,-0.28,"88,655",,
2021-10-26,105.15,106.50,105.00,105.30,0.15,0.14,"140,214",,
2021-10-25,106.80,106.95,105.00,105.15,-1.80,-1.68,"153,333",,
2021-10-24,107.85,108.00,106.95,106.95,-0.45,-0.42,"62,690",,
,,,,,,,,,
,,,,,,,,,
,,,,,,,,,
,,,,,,,,,
,,,,,,,,,
,,,,,,,,,
,,,,,,,,,
,,,,,,,,,
,,,,,,,,,
,,,,,,,,,
,,,,,,,,,
,,,,,,,,,
,,,,,,,,,
,,,,,,,,,
,,,,,,,,,
,,,,,,,,,
,,,,,,,,,
,,,,,,,,,
,,,,,,,,,
,,,,,,,,,
,,,,,,,,,
,,,,,,,,,
,,,,,,,,,
,,,,,,,,,
,,,,,,,,,
,,,,,,,,,
,,,,,,,,,
,,,,,,,,,
,,,,,,,,,
,,,,,,,,,
,,,,,,,,,
,,,,,,,,,
,,,,,,,,,
,,,,,,,,,
,,,,,,,,,
,,,,,,,,,
,,,,,,,,,
,,,,,,,,,
,,,,,,,,,
,,,,,,,,,
,,,,,,,,,
,,,,,,,,,
,,,,,,,,,
,,,,,,,,,
,,,,,,,,,
,,,,,,,,,
,,,,,,,,,
,,,,,,,,,
,,,,,,,,,
,,,,,,,,,
,,,,,,,,,
,,,,,,,,,
,,,,,,,,,
,,,,,,,,,
,,,,,,,,,
,,,,,,,,,
,,,,,,,,,
,,,,,,,,,
,,,,,,,,,
,,,,,,,,,
,,,,,,,,,
,,,,,,,,,
,,,,,,,,,
,,,,,,,,,
,,,,,,,,,
,,,,,,,,,
,,,,,,,,,
,,,,,,,,,
,,,,,,,,,
,,,,,,,,,
,,,,,,,,,
,,,,,,,,,
,,,,,,,,,
,,,,,,,,,
,,,,,,,,,
,,,,,,,,,
,,,,,,,,,
,,,,,,,,,
,,,,,,,,,
,,,,,,,,,
,,,,,,,,,
,,,,,,,,,
,,,,,,,,,
,,,,,,,,,
,,,,,,,,,
,,,,,,,,,
,,,,,,,,,
,,,,,,,,,
,,,,,,,,,
,,,,,,,,,
,,,,,,,,,
,,,,,,,,,
,,,,,,,,,
,,,,,,,,,
,,,,,,,,,
,,,,,,,,,
,,,,,,,,,
,,,,,,,,,
,,,,,,,,,
,,,,,,,,,
2021-10-21,106.50,108.30,106.50,107.40,0.30,0.28,"135,126",,
2021-10-20,106.80,107.40,106.20,107.10,0.00,0.00,"94,843",,
2021-10-19,107.10,108.60,106.20,107.10,0.90,0.85,"286,730",,
2021-10-18,105.60,106.50,105.00,106.20,0.60,0.57,"66,762",,
2021-10-17,104.85,105.90,104.70,105.60,0.15,0.14,"211,604",,
2021-10-14,106.35,106.35,104.85,105.45,0.75,0.72,"227,340",,
2021-10-13,102.90,107.10,102.60,104.70,1.95,1.90,"328,590",,
2021-10-12,106.80,106.80,101.55,102.75,-1.50,-1.44,"340,367",,
2021-10-11,105.75,106.80,101.55,104.25,-1.20,-1.14,"531,067",,
2021-10-10,105.00,105.75,103.20,105.45,1.20,1.15,"138,255",,
2021-10-07,105.00,106.50,103.95,104.25,-0.90,-0.86,"266,509",,
2021-10-06,107.40,107.40,104.85,105.15,-2.25,-2.09,"216,936",,
2021-10-05,108.75,108.90,105.75,107.40,-1.50,-1.38,"192,823",,
2021-10-04,106.80,109.80,106.50,108.90,2.10,1.97,"221,865",,
2021-10-03,106.95,106.95,105.90,106.80,-0.15,-0.14,"53,812",,
2021-09-30,105.75,107.70,105.75,106.95,0.30,0.28,"180,387",,
2021-09-29,108.75,108.75,106.35,106.65,-1.35,-1.25,"293,697",,
2021-09-28,108.90,109.05,108.00,108.00,-1.65,-1.50,"117,973",,
2021-09-27,109.65,109.80,108.45,109.65,1.20,1.11,"173,892",,
2021-09-26,108.30,109.95,108.00,108.45,0.75,0.70,"142,042",,
2021-09-22,107.70,109.95,107.70,107.70,0.00,0.00,"176,293",,
2021-09-21,107.55,109.95,107.40,107.70,-0.60,-0.55,"203,659",,
2021-09-20,109.50,109.50,108.00,108.30,-1.20,-1.10,"135,867",,
2021-09-19,109.95,111.30,108.75,109.50,-0.30,-0.27,"141,884",,
2021-09-16,110.10,112.35,109.50,109.80,0.00,0.00,"751,848",,
2021-09-15,110.55,111.00,109.20,109.80,-0.75,-0.68,"294,421",,
2021-09-14,108.75,110.85,108.00,110.55,1.65,1.52,"304,338",,
2021-09-13,109.80,109.80,108.15,108.90,-0.60,-0.55,"291,930",,
2021-09-12,109.65,109.80,108.60,109.50,0.60,0.55,"286,646",,
2021-09-09,107.25,109.35,105.90,108.90,2.40,2.25,"506,246",,
2021-09-08,106.35,107.40,105.60,106.50,1.65,1.57,"477,747",,
2021-09-07,107.25,107.25,104.55,104.85,-1.65,-1.55,"156,341",,
2021-09-06,106.80,107.85,106.50,106.50,-0.30,-0.28,"164,845",,
2021-09-05,108.75,108.90,106.50,106.80,-1.50,-1.39,"137,345",,
2021-09-02,106.65,108.30,105.75,108.30,1.65,1.55,"147,886",,
2021-09-01,106.80,107.85,106.50,106.65,-0.60,-0.56,"227,576",,
2021-08-31,108.00,108.60,106.05,107.25,-0.90,-0.83,"270,096",,
2021-08-30,102.75,108.30,102.30,108.15,5.70,5.56,"637,207",,
2021-08-29,98.85,102.75,98.85,102.45,4.05,4.12,"283,189",,
2021-08-26,101.10,101.40,98.25,98.40,-0.60,-0.61,"269,805",,
2021-08-25,97.80,100.50,97.80,99.00,1.50,1.54,"238,703",,
2021-08-24,99.90,100.05,97.50,97.50,-1.50,-1.52,"209,755",,
2021-08-23,99.45,100.35,98.85,99.00,0.30,0.30,"244,685",,
2021-08-22,100.95,100.95,97.65,98.70,-1.05,-1.05,"82,999",,
2021-08-19,99.75,100.95,99.75,99.75,-1.05,-1.04,"112,085",,
2021-08-18,99.75,100.80,99.75,100.80,0.30,0.30,"73,154",,
2021-08-17,99.90,100.95,99.00,100.50,0.00,0.00,"131,099",,
2021-08-16,99.90,101.25,99.90,100.50,0.75,0.75,"243,867",,
2021-08-15,99.60,100.65,99.60,99.75,-0.15,-0.15,"97,272",,
2021-08-12,100.35,100.50,99.45,99.90,0.00,0.00,"297,961",,
2021-08-11,99.75,100.65,99.00,99.90,-0.15,-0.15,"147,140",,
2021-08-10,101.10,101.10,98.70,100.05,-1.05,-1.04,"232,344",,
2021-08-09,100.50,101.10,100.35,101.10,0.00,0.00,"139,519",,
2021-08-08,101.40,101.40,100.80,101.10,-0.15,-0.15,"102,448",,
2021-08-05,100.95,101.40,99.75,101.25,0.75,0.75,"185,983",,
2021-08-04,100.95,101.25,100.35,100.50,0.00,0.00,"61,448",,
2021-08-03,101.85,101.85,100.50,100.50,-0.45,-0.45,"144,450",,
2021-08-02,101.55,101.70,100.95,100.95,-0.60,-0.59,"122,908",,
2021-08-01,101.85,101.85,100.80,101.55,0.00,0.00,"123,792",,
2021-07-29,101.10,101.70,100.65,101.55,0.30,0.30,"113,986",,
2021-07-28,99.00,102.15,99.00,101.25,2.85,2.90,"214,457",,
2021-07-27,100.50,101.40,98.40,98.40,-2.70,-2.67,"151,728",,
2021-07-26,100.50,101.40,100.50,101.10,0.60,0.60,"158,101",,
2021-07-25,99.00,101.10,98.85,100.50,-0.75,-0.74,"156,365",,
2021-07-15,101.55,102.00,100.50,101.25,0.00,0.00,"386,016",,
2021-07-14,101.25,101.70,100.80,101.25,0.75,0.75,"356,318",,
2021-07-13,97.50,100.95,96.90,100.50,1.50,1.52,"335,174",,
2021-07-12,99.00,100.35,97.50,99.00,2.25,2.33,"623,187",,
2021-07-11,97.65,99.15,94.50,96.75,-0.75,-0.77,"553,285",,
2021-07-08,97.50,98.55,96.30,97.50,-0.45,-0.46,"289,326",,
2021-07-07,96.75,99.15,96.00,97.95,1.65,1.71,"227,138",,
2021-07-06,97.20,97.20,95.85,96.30,-0.90,-0.93,"110,435",,
2021-07-05,98.55,99.00,96.45,97.20,-1.35,-1.37,"267,124",,
2021-07-04,98.10,98.85,97.50,98.55,0.60,0.61,"196,591",,
2021-07-01,100.50,100.50,97.95,97.95,-1.80,-1.80,"201,642",,
2021-06-30,100.50,100.95,98.40,99.75,-1.50,-1.48,"113,518",,
2021-06-29,101.70,101.70,100.35,101.25,-0.60,-0.59,"107,760",,
2021-06-28,101.25,102.75,100.50,101.85,1.20,1.19,"327,880",,
2021-06-27,100.35,102.15,99.90,100.65,0.30,0.30,"262,363",,
2021-06-24,99.30,100.50,99.30,100.35,0.90,0.90,"177,518",,
2021-06-23,100.05,100.65,99.00,99.45,0.00,0.00,"160,143",,
2021-06-22,99.45,101.40,99.45,99.45,-0.75,-0.75,"117,369",,
2021-06-21,102.75,102.75,99.15,100.20,-0.75,-0.74,"129,070",,
2021-06-20,103.35,103.50,100.95,100.95,-2.40,-2.32,"225,885",,
2021-06-17,100.95,104.10,100.95,103.35,2.40,2.38,"633,889",,
2021-06-16,99.15,101.85,99.15,100.95,1.95,1.97,"147,131",,
2021-06-15,100.50,101.85,97.95,99.00,-0.60,-0.60,"195,944",,
2021-06-14,97.35,102.00,96.90,99.60,2.70,2.79,"624,202",,
2021-06-13,96.75,97.65,96.45,96.90,1.50,1.57,"198,611",,
2021-06-10,91.65,100.05,91.65,95.40,3.90,4.26,"882,579",,
2021-06-09,90.90,91.65,90.45,91.50,1.35,1.50,"247,000",,
2021-06-08,91.05,91.80,90.00,90.15,-0.90,-0.99,"180,170",,
2021-06-07,91.50,92.40,91.05,91.05,-0.75,-0.82,"132,073",,
2021-06-06,93.30,93.30,91.20,91.80,-1.35,-1.45,"150,110",,
2021-06-03,92.25,93.60,91.50,93.15,0.90,0.98,"183,551",,
2021-06-02,92.55,93.45,91.95,92.25,-0.30,-0.32,"230,341",,
2021-06-01,91.05,93.75,90.60,92.55,1.50,1.65,"248,748",,
2021-05-31,91.05,91.50,89.55,91.05,0.00,0.00,"163,320",,
2021-05-30,91.05,91.50,90.00,91.05,0.00,0.00,"200,512",,
2021-05-27,91.20,91.20,89.70,91.05,0.00,0.00,"108,344",,
,,,,,,,,,
,,,,,,,,,
,,,,,,,,,
,,,,,,,,,
,,,,,,,,,
,,,,,,,,,
,,,,,,,,,
,,,,,,,,,
,,,,,,,,,
,,,,,,,,,
,,,,,,,,,
,,,,,,,,,
,,,,,,,,,
,,,,,,,,,
,,,,,,,,,
,,,,,,,,,
,,,,,,,,,
,,,,,,,,,
,,,,,,,,,
,,,,,,,,,
,,,,,,,,,
,,,,,,,,,
,,,,,,,,,
,,,,,,,,,
,,,,,,,,,
,,,,,,,,,
,,,,,,,,,
,,,,,,,,,
,,,,,,,,,
,,,,,,,,,
,,,,,,,,,
,,,,,,,,,
,,,,,,,,,
,,,,,,,,,
,,,,,,,,,
,,,,,,,,,
,,,,,,,,,
,,,,,,,,,
,,,,,,,,,
,,,,,,,,,
,,,,,,,,,
,,,,,,,,,
,,,,,,,,,
,,,,,,,,,
,,,,,,,,,
,,,,,,,,,
,,,,,,,,,
,,,,,,,,,
,,,,,,,,,
,,,,,,,,,
,,,,,,,,,
,,,,,,,,,
,,,,,,,,,
,,,,,,,,,
,,,,,,,,,
,,,,,,,,,
,,,,,,,,,
,,,,,,,,,
,,,,,,,,,
,,,,,,,,,
,,,,,,,,,
,,,,,,,,,
,,,,,,,,,
,,,,,,,,,
,,,,,,,,,
,,,,,,,,,
,,,,,,,,,
,,,,,,,,,
,,,,,,,,,
,,,,,,,,,
,,,,,,,,,
,,,,,,,,,
,,,,,,,,,
,,,,,,,,,
,,,,,,,,,
,,,,,,,,,
,,,,,,,,,
,,,,,,,,,
,,,,,,,,,
,,,,,,,,,
,,,,,,,,,
,,,,,,,,,
,,,,,,,,,
,,,,,,,,,
,,,,,,,,,
,,,,,,,,,
,,,,,,,,,
,,,,,,,,,
,,,,,,,,,
,,,,,,,,,
,,,,,,,,,
,,,,,,,,,
,,,,,,,,,
,,,,,,,,,
,,,,,,,,,
,,,,,,,,,
,,,,,,,,,
,,,,,,,,,
,,,,,,,,,
,,,,,,,,,
2021-05-26,90.75,91.35,89.85,91.05,0.45,0.50,"191,659",,
2021-05-25,87.75,90.60,86.25,90.60,3.90,4.50,"593,474",,
2021-05-24,86.10,87.00,85.95,86.70,0.60,0.70,"175,866",,
2021-05-23,86.10,86.85,85.95,86.10,0.00,0.00,"224,770",,
2021-05-20,86.85,87.00,84.75,86.10,0.15,0.17,"183,677",,
2021-05-19,87.00,87.45,85.05,85.95,-0.90,-1.04,"243,882",,
2021-05-18,88.80,88.80,86.55,86.85,-1.50,-1.70,"240,769",,
2021-05-17,88.95,88.95,87.45,88.35,0.15,0.17,"147,107",,
2021-05-10,87.90,88.95,87.45,88.20,1.50,1.73,"198,951",,
2021-05-09,85.35,87.90,84.90,86.70,1.95,2.30,"216,264",,
2021-05-06,85.80,87.45,84.15,84.75,-0.75,-0.88,"386,670",,
2021-05-05,87.60,87.60,85.50,85.50,-1.35,-1.55,"87,596",,
2021-05-04,88.65,88.65,85.95,86.85,-2.25,-2.53,"480,477",,
2021-05-03,89.70,89.85,88.05,89.10,-0.75,-0.83,"168,949",,
2021-05-02,90.00,90.75,89.70,89.85,-0.75,-0.83,"55,240",,
2021-04-29,91.50,91.50,90.00,90.60,-0.90,-0.98,"125,606",,
2021-04-28,92.10,92.25,91.20,91.50,-0.45,-0.49,"84,082",,
2021-04-27,92.55,92.55,90.45,91.95,-0.45,-0.49,"97,934",,
2021-04-26,92.10,92.70,91.65,92.40,0.30,0.33,"92,895",,
2021-04-25,92.85,93.75,91.05,92.10,1.35,1.49,"183,206",,
2021-04-22,89.25,93.00,87.75,90.75,1.35,1.51,"353,583",,
2021-04-21,89.55,90.45,88.65,89.40,0.15,0.17,"141,959",,
2021-04-20,87.45,89.40,87.30,89.25,1.80,2.06,"176,009",,
2021-04-19,86.40,87.45,86.10,87.45,1.05,1.22,"77,150",,
2021-04-18,86.55,86.85,85.80,86.40,0.00,0.00,"173,052",,
2021-04-15,86.10,87.30,84.75,86.40,1.05,1.23,"220,257",,
2021-04-14,85.20,86.55,84.75,85.35,-0.45,-0.52,"247,534",,
2021-04-13,90.00,90.00,85.80,85.80,-3.30,-3.70,"398,121",,
2021-04-12,90.00,90.15,87.00,89.10,2.70,3.13,"498,456",,
2021-04-11,87.60,87.60,85.95,86.40,0.45,0.52,"110,855",,
2021-04-08,87.15,87.60,85.65,85.95,-1.20,-1.38,"201,883",,
2021-04-07,85.35,89.25,84.00,87.15,1.80,2.11,"407,238",,
2021-04-06,84.00,86.25,84.00,85.35,1.50,1.79,"181,446",,
2021-04-05,83.25,86.10,82.65,83.85,0.60,0.72,"294,786",,
2021-04-04,81.00,84.75,80.85,83.25,2.85,3.54,"351,007",,
2021-04-01,78.75,80.40,77.85,80.40,1.65,2.10,"222,224",,
2021-03-31,79.50,80.25,78.75,78.75,-0.45,-0.57,"280,112",,
2021-03-30,77.40,80.25,77.25,79.20,2.25,2.92,"404,285",,
2021-03-29,76.05,76.95,75.75,76.95,0.75,0.98,"132,662",,
2021-03-28,76.05,76.50,75.45,76.20,-1.05,-1.36,"121,718",,
2021-03-25,78.75,79.65,77.10,77.25,-1.20,-1.53,"368,808",,
2021-03-24,75.15,80.10,75.15,78.45,1.95,2.55,"775,586",,
2021-03-23,75.60,78.00,74.18,76.50,1.05,1.39,"774,967",,
2021-03-22,73.13,80.25,72.90,75.45,2.40,3.29,"2,209,373",,
2021-03-21,73.43,73.43,72.38,73.05,-0.30,-0.41,"74,331",,
2021-03-18,72.75,74.10,72.00,73.35,0.97,1.34,"227,541",,
2021-03-17,72.30,72.38,71.25,72.38,0.08,0.11,"76,318",,
2021-03-16,73.80,73.80,71.33,72.30,-1.20,-1.63,"303,631",,
2021-03-15,73.05,73.88,72.45,73.50,0.45,0.62,"79,882",,
2021-03-14,72.83,73.13,72.75,73.05,-0.38,-0.52,"97,070",,
2021-03-11,73.58,73.58,72.60,73.43,-0.45,-0.61,"190,313",,
2021-03-10,73.95,74.25,73.13,73.88,-0.07,-0.09,"319,545",,
2021-03-09,74.93,74.93,73.20,73.95,-0.98,-1.31,"374,763",,
2021-03-08,74.85,75.15,73.43,74.93,0.83,1.12,"299,598",,
2021-03-07,74.25,76.20,74.10,74.10,-0.15,-0.20,"250,700",,
2021-03-04,73.73,74.25,73.13,74.25,0.52,0.71,"558,701",,
2021-03-03,71.63,73.73,71.48,73.73,2.10,2.93,"707,253",,
2021-03-02,70.73,72.23,70.73,71.63,0.45,0.63,"357,626",,
2021-03-01,70.43,71.18,70.35,71.18,0.60,0.85,"80,146",,
2021-02-28,70.50,71.70,70.13,70.58,-0.30,-0.42,"189,173",,
2021-02-25,71.63,72.00,70.80,70.88,-0.97,-1.35,"335,494",,
2021-02-24,72.30,72.30,70.88,71.85,-0.53,-0.73,"246,875",,
2021-02-23,73.13,73.28,72.38,72.38,-0.37,-0.51,"210,043",,
2021-02-22,73.80,73.80,72.00,72.75,0.22,0.30,"361,674",,
2021-02-21,74.25,74.25,72.45,72.53,0.53,0.74,"234,441",,
2021-02-18,70.50,73.20,70.35,72.00,1.50,2.13,"513,339",,
2021-02-17,69.68,70.50,69.30,70.50,0.75,1.08,"213,467",,
2021-02-16,70.43,70.43,69.23,69.75,0.15,0.22,"188,465",,
2021-02-15,70.05,71.85,69.60,69.60,-0.15,-0.22,"300,879",,
2021-02-14,69.45,70.05,69.30,69.75,0.37,0.53,"243,575",,
2021-02-11,69.60,69.75,69.23,69.38,-0.22,-0.32,"161,701",,
2021-02-10,70.13,70.28,69.15,69.60,-0.45,-0.64,"368,620",,
2021-02-09,68.85,70.13,68.78,70.05,1.27,1.85,"391,116",,
2021-02-08,68.63,69.00,68.25,68.78,0.23,0.34,"377,992",,
2021-02-07,68.70,69.08,68.40,68.55,-0.15,-0.22,"118,284",,
2021-02-04,66.00,69.00,66.00,68.70,0.22,0.32,"225,064",,
2021-02-03,69.00,69.38,68.25,68.48,-0.75,-1.08,"211,903",,
2021-02-02,69.38,69.98,69.00,69.23,-0.52,-0.75,"161,935",,
2021-02-01,69.68,70.28,69.30,69.75,0.00,0.00,"136,619",,
2021-01-31,70.13,71.48,69.68,69.75,-0.68,-0.97,"230,120",,
2021-01-28,69.08,70.88,69.08,70.43,0.45,0.64,"375,211",,
2021-01-27,69.60,69.98,69.38,69.98,0.38,0.55,"141,022",,
2021-01-26,69.90,69.90,69.23,69.60,-0.08,-0.11,"298,983",,
2021-01-25,69.45,69.68,68.70,69.68,0.68,0.99,"211,477",,
2021-01-24,69.23,69.60,68.93,69.00,-0.15,-0.22,"133,402",,
2021-01-21,69.08,69.90,69.08,69.15,0.15,0.22,"160,135",,
2021-01-20,68.78,69.00,68.40,69.00,0.00,0.00,"576,930",,
2021-01-19,69.00,70.05,69.00,69.00,0.00,0.00,"801,029",,
2021-01-18,68.85,69.75,67.95,69.00,0.15,0.22,"402,158",,
2021-01-17,69.75,69.90,68.78,68.85,-1.20,-1.71,"155,056",,
2021-01-14,70.43,70.58,69.53,70.05,0.22,0.32,"125,834",,
2021-01-13,70.35,70.50,69.60,69.83,-0.30,-0.43,"212,977",,
2021-01-12,69.45,70.13,69.15,70.13,1.05,1.52,"239,053",,
2021-01-11,69.60,70.20,68.55,69.08,-0.52,-0.75,"335,908",,
2021-01-10,67.88,72.00,67.88,69.60,3.67,5.57,"1,246,782",,
2021-01-07,65.93,65.93,65.25,65.93,0.15,0.23,"152,591",,
2021-01-06,65.33,66.23,65.33,65.78,0.38,0.58,"277,644",,
2021-01-05,65.93,66.23,65.25,65.40,-0.38,-0.58,"239,122",,
2021-01-04,63.75,65.78,63.53,65.78,2.03,3.18,"393,754",,
2021-01-03,64.80,64.80,63.15,63.75,-1.13,-1.74,"150,060",,
,,,,,,,,,
,,,,,,,,,
,,,,,,,,,
,,,,,,,,,
,,,,,,,,,
,,,,,,,,,
,,,,,,,,,
,,,,,,,,,
,,,,,,,,,
,,,,,,,,,
,,,,,,,,,
,,,,,,,,,
,,,,,,,,,
,,,,,,,,,
,,,,,,,,,
,,,,,,,,,
,,,,,,,,,
,,,,,,,,,
,,,,,,,,,
,,,,,,,,,
,,,,,,,,,
,,,,,,,,,
,,,,,,,,,
,,,,,,,,,
,,,,,,,,,
,,,,,,,,,
,,,,,,,,,
,,,,,,,,,
,,,,,,,,,
,,,,,,,,,
,,,,,,,,,
,,,,,,,,,
,,,,,,,,,
,,,,,,,,,
,,,,,,,,,
,,,,,,,,,
,,,,,,,,,
,,,,,,,,,
,,,,,,,,,
,,,,,,,,,
,,,,,,,,,
,,,,,,,,,
,,,,,,,,,
,,,,,,,,,
,,,,,,,,,
,,,,,,,,,
,,,,,,,,,
,,,,,,,,,
,,,,,,,,,
,,,,,,,,,
,,,,,,,,,
,,,,,,,,,
,,,,,,,,,
,,,,,,,,,
,,,,,,,,,
,,,,,,,,,
,,,,,,,,,
,,,,,,,,,
,,,,,,,,,
,,,,,,,,,
,,,,,,,,,
,,,,,,,,,
,,,,,,,,,
,,,,,,,,,
,,,,,,,,,
,,,,,,,,,
,,,,,,,,,
,,,,,,,,,
,,,,,,,,,
,,,,,,,,,
,,,,,,,,,
,,,,,,,,,
,,,,,,,,,
,,,,,,,,,
,,,,,,,,,
,,,,,,,,,
,,,,,,,,,
,,,,,,,,,
,,,,,,,,,
,,,,,,,,,
,,,,,,,,,
,,,,,,,,,
,,,,,,,,,
,,,,,,,,,
,,,,,,,,,
,,,,,,,,,
,,,,,,,,,
,,,,,,,,,
,,,,,,,,,
,,,,,,,,,
,,,,,,,,,
,,,,,,,,,
,,,,,,,,,
,,,,,,,,,
,,,,,,,,,
,,,,,,,,,
,,,,,,,,,
,,,,,,,,,
,,,,,,,,,
,,,,,,,,,
2020-12-31,65.33,65.40,64.88,64.88,-0.75,-1.14,"86,626",,
2020-12-30,66.75,66.75,65.33,65.63,-1.57,-2.34,"264,013",,
2020-12-29,66.00,67.73,65.25,67.20,1.20,1.82,"497,457",,
2020-12-28,62.93,66.00,62.70,66.00,3.30,5.26,"634,452",,
2020-12-27,62.25,63.38,62.25,62.70,0.45,0.72,"211,637",,
2020-12-24,61.88,62.33,61.58,62.25,0.37,0.60,"197,564",,
2020-12-23,61.95,62.70,61.88,61.88,0.00,0.00,"243,035",,
2020-12-22,61.35,62.63,61.20,61.88,1.13,1.86,"354,243",,
2020-12-21,61.13,61.35,60.00,60.75,-0.98,-1.59,"385,561",,
2020-12-20,62.25,62.55,61.50,61.73,-0.45,-0.72,"209,204",,
2020-12-17,63.00,63.15,61.80,62.18,-0.82,-1.30,"342,067",,
2020-12-16,62.78,64.13,61.95,63.00,0.22,0.35,"650,689",,
2020-12-15,61.73,63.53,61.50,62.78,1.28,2.08,"1,264,474",,
2020-12-14,59.18,62.33,59.18,61.50,2.85,4.86,"1,057,552",,
2020-12-13,58.50,58.80,58.50,58.65,0.15,0.26,"46,756",,
2020-12-10,59.03,59.25,58.50,58.50,-0.60,-1.02,"170,380",,
2020-12-09,58.95,59.33,58.65,59.10,0.30,0.51,"150,659",,
2020-12-08,59.78,59.78,58.65,58.80,-0.38,-0.64,"79,747",,
2020-12-07,58.50,59.63,58.50,59.18,0.68,1.16,"165,744",,
2020-12-06,59.85,60.00,58.50,58.50,-1.43,-2.39,"92,136",,
2020-12-03,60.00,60.00,59.40,59.93,-0.07,-0.12,"214,887",,
2020-12-02,60.23,60.53,59.93,60.00,-0.23,-0.38,"287,046",,
2020-12-01,60.00,60.75,60.00,60.23,0.23,0.38,"220,220",,
2020-11-30,60.68,61.05,60.00,60.00,-0.68,-1.12,"330,250",,
2020-11-29,60.23,61.20,60.23,60.68,0.53,0.88,"189,830",,
2020-11-26,60.00,60.53,59.55,60.15,0.07,0.12,"377,537",,
2020-11-25,61.35,61.35,60.08,60.08,-1.05,-1.72,"156,239",,
2020-11-24,62.03,62.03,60.98,61.13,-0.37,-0.60,"128,389",,
2020-11-23,62.25,62.25,60.83,61.50,-0.75,-1.20,"275,649",,
2020-11-22,63.00,63.00,61.88,62.25,0.15,0.24,"321,797",,
2020-11-19,62.85,62.85,61.88,62.10,0.30,0.49,"281,453",,
2020-11-18,61.65,62.10,60.90,61.80,0.15,0.24,"211,749",,
2020-11-17,63.53,63.53,61.58,61.65,0.37,0.60,"244,698",,
2020-11-16,59.10,63.60,58.88,61.28,2.33,3.95,"826,454",,
2020-11-15,58.88,59.10,58.43,58.95,0.22,0.37,"226,988",,
2020-11-12,58.88,58.88,58.43,58.73,-0.07,-0.12,"172,430",,
2020-11-11,58.50,58.80,58.28,58.80,0.30,0.51,"115,560",,
2020-11-10,58.88,58.88,58.13,58.50,-0.08,-0.14,"419,227",,
2020-11-09,59.10,59.10,58.20,58.58,0.30,0.51,"256,267",,
2020-11-08,57.15,58.50,57.15,58.28,0.75,1.30,"169,090",,
2020-11-05,59.25,59.70,57.38,57.53,-1.72,-2.90,"334,010",,
2020-11-04,58.35,59.85,58.35,59.25,1.50,2.60,"384,225",,
2020-11-03,58.43,59.03,57.75,57.75,0.00,0.00,"222,776",,
2020-11-02,56.18,59.25,55.88,57.75,1.05,1.85,"300,274",,
2020-11-01,57.00,57.00,56.25,56.70,-0.90,-1.56,"205,768",,
2020-10-29,57.75,57.75,56.85,57.60,-1.20,-2.04,"251,528",,
2020-10-28,58.88,59.63,58.50,58.80,0.15,0.26,"364,216",,
2020-10-27,56.55,58.73,55.65,58.65,2.40,4.27,"627,318",,
2020-10-26,54.38,57.23,54.15,56.25,2.25,4.17,"1,186,156",,
2020-10-25,58.50,58.50,53.33,54.00,-4.05,-6.98,"292,394",,
2020-10-22,58.50,58.50,57.75,58.05,-0.45,-0.77,"242,125",,
2020-10-21,58.13,59.55,58.13,58.50,0.75,1.30,"548,873",,
2020-10-20,57.60,59.25,56.85,57.75,0.52,0.91,"927,499",,
2020-10-19,56.18,57.53,55.73,57.23,1.05,1.87,"926,685",,
2020-10-18,55.65,56.25,55.35,56.18,0.45,0.81,"379,961",,
2020-10-15,56.18,56.18,55.43,55.73,-0.22,-0.39,"459,211",,
2020-10-14,55.28,55.95,55.28,55.95,0.60,1.08,"355,580",,
2020-10-13,55.28,56.25,55.20,55.35,0.07,0.13,"629,348",,
2020-10-12,55.95,55.95,55.13,55.28,-0.22,-0.40,"621,318",,
2020-10-11,56.03,57.00,55.13,55.50,1.87,3.49,"1,839,539",,
2020-10-08,53.63,53.85,53.48,53.63,0.08,0.15,"417,107",,
2020-10-07,54.23,54.23,53.33,53.55,-0.38,-0.70,"407,835",,
2020-10-06,54.08,54.98,53.55,53.93,-0.07,-0.13,"1,025,448",,
2020-10-05,53.10,54.00,52.13,54.00,0.90,1.69,"653,932",,
2020-10-04,52.88,54.08,52.88,53.10,-0.08,-0.15,"743,716",,
2020-10-01,52.43,53.40,52.13,53.18,0.90,1.72,"1,163,879",,
2020-09-30,51.75,52.43,51.38,52.28,0.53,1.02,"353,145",,
2020-09-29,52.80,52.80,51.60,51.75,-0.68,-1.30,"674,051",,
2020-09-28,52.73,52.80,52.35,52.43,-0.22,-0.42,"519,094",,
2020-09-27,52.73,52.80,52.28,52.65,-0.08,-0.15,"543,740",,
2020-09-24,52.13,53.25,51.90,52.73,0.38,0.73,"479,025",,
2020-09-22,52.20,52.50,51.90,52.35,0.00,0.00,"228,590",,
2020-09-21,53.18,53.25,52.35,52.35,-0.83,-1.56,"556,119",,
2020-09-20,53.18,53.25,52.43,53.18,0.68,1.30,"696,601",,
2020-09-17,52.13,52.50,51.38,52.50,-0.08,-0.15,"484,347",,
2020-09-16,54.15,54.23,52.58,52.58,-1.57,-2.90,"862,720",,
2020-09-15,54.30,55.35,53.63,54.15,-0.08,-0.15,"1,278,940",,
2020-09-14,55.43,55.43,53.10,54.23,-0.97,-1.76,"1,237,586",,
2020-09-13,54.53,55.80,54.53,55.20,1.05,1.94,"1,388,661",,
2020-09-10,52.80,55.35,52.80,54.15,1.50,2.85,"3,186,006",,
2020-09-09,51.83,52.88,51.75,52.65,0.37,0.71,"1,595,296",,
2020-09-08,52.13,53.25,52.13,52.28,0.15,0.29,"840,315",,
2020-09-07,51.75,52.28,51.53,52.13,0.38,0.73,"769,678",,
2020-09-06,52.43,52.43,50.93,51.75,-0.60,-1.15,"942,142",,
2020-09-03,52.20,52.43,51.75,52.35,-0.08,-0.15,"861,176",,
2020-09-02,52.73,53.03,52.28,52.43,-0.30,-0.57,"713,879",,
2020-09-01,53.10,53.10,51.75,52.73,-0.37,-0.70,"1,071,428",,
2020-08-31,53.40,53.85,52.95,53.10,-0.15,-0.28,"576,347",,
2020-08-30,53.33,53.40,52.95,53.25,0.37,0.70,"594,536",,
2020-08-27,53.70,53.93,52.73,52.88,-0.52,-0.97,"682,856",,
2020-08-26,52.88,53.55,51.90,53.40,0.45,0.85,"791,884",,
2020-08-25,51.75,53.48,51.75,52.95,1.35,2.62,"1,212,784",,
2020-08-24,51.98,52.80,51.38,51.60,-0.23,-0.44,"1,448,468",,
2020-08-23,48.68,52.05,48.60,51.83,3.83,7.98,"2,438,186",,
2020-08-20,47.70,48.00,47.10,48.00,0.37,0.78,"732,604",,
2020-08-19,48.68,48.68,47.40,47.63,-0.60,-1.24,"792,792",,
2020-08-18,47.78,48.75,46.58,48.23,0.53,1.11,"1,570,578",,
2020-08-17,46.43,48.23,45.98,47.70,1.65,3.58,"2,761,804",,
2020-08-16,44.18,46.35,43.95,46.05,2.25,5.14,"2,978,300",,
2020-08-13,43.50,44.18,43.50,43.80,0.67,1.55,"1,433,735",,
,,,,,,,,,
,,,,,,,,,
,,,,,,,,,
,,,,,,,,,
,,,,,,,,,
,,,,,,,,,
,,,,,,,,,
,,,,,,,,,
,,,,,,,,,
,,,,,,,,,
,,,,,,,,,
,,,,,,,,,
,,,,,,,,,
,,,,,,,,,
,,,,,,,,,
,,,,,,,,,
,,,,,,,,,
,,,,,,,,,
,,,,,,,,,
,,,,,,,,,
,,,,,,,,,
,,,,,,,,,
,,,,,,,,,
,,,,,,,,,
,,,,,,,,,
,,,,,,,,,
,,,,,,,,,
,,,,,,,,,
,,,,,,,,,
,,,,,,,,,
,,,,,,,,,
,,,,,,,,,
,,,,,,,,,
,,,,,,,,,
,,,,,,,,,
,,,,,,,,,
,,,,,,,,,
,,,,,,,,,
,,,,,,,,,
,,,,,,,,,
,,,,,,,,,
,,,,,,,,,
,,,,,,,,,
,,,,,,,,,
,,,,,,,,,
,,,,,,,,,
,,,,,,,,,
,,,,,,,,,
,,,,,,,,,
,,,,,,,,,
,,,,,,,,,
,,,,,,,,,
,,,,,,,,,
,,,,,,,,,
,,,,,,,,,
,,,,,,,,,
,,,,,,,,,
,,,,,,,,,
,,,,,,,,,
,,,,,,,,,
,,,,,,,,,
,,,,,,,,,
,,,,,,,,,
,,,,,,,,,
,,,,,,,,,
,,,,,,,,,
,,,,,,,,,
,,,,,,,,,
,,,,,,,,,
,,,,,,,,,
,,,,,,,,,
,,,,,,,,,
,,,,,,,,,
,,,,,,,,,
,,,,,,,,,
,,,,,,,,,
,,,,,,,,,
,,,,,,,,,
,,,,,,,,,
,,,,,,,,,
,,,,,,,,,
,,,,,,,,,
,,,,,,,,,
,,,,,,,,,
,,,,,,,,,
,,,,,,,,,
,,,,,,,,,
,,,,,,,,,
,,,,,,,,,
,,,,,,,,,
,,,,,,,,,
,,,,,,,,,
,,,,,,,,,
,,,,,,,,,
,,,,,,,,,
,,,,,,,,,
,,,,,,,,,
,,,,,,,,,
,,,,,,,,,
,,,,,,,,,
2020-08-12,43.13,43.35,43.05,43.13,0.08,0.19,"394,907",,
2020-08-11,42.90,43.28,42.83,43.05,0.07,0.16,"383,750",,
2020-08-10,42.53,43.05,42.53,42.98,-0.37,-0.85,"532,081",,
2020-08-09,43.43,43.50,43.20,43.35,0.07,0.16,"486,404",,
2020-08-06,43.73,43.73,42.90,43.28,-0.37,-0.85,"573,238",,
2020-08-05,43.13,43.65,43.05,43.65,0.90,2.11,"636,693",,
2020-07-28,42.30,42.98,42.15,42.75,0.45,1.06,"530,821",,
2020-07-27,41.93,42.68,41.93,42.30,0.37,0.88,"423,495",,
2020-07-26,42.45,42.60,41.93,41.93,-0.67,-1.57,"634,144",,
2020-07-23,42.75,42.83,42.38,42.60,-0.08,-0.19,"367,043",,
2020-07-22,42.98,42.98,42.60,42.68,0.00,0.00,"568,842",,
2020-07-21,43.28,43.65,42.45,42.68,-0.30,-0.70,"971,720",,
2020-07-20,44.55,44.78,41.18,42.98,-0.67,-1.53,"2,891,404",,
2020-07-19,44.40,44.40,43.43,43.65,-0.38,-0.86,"411,856",,
2020-07-16,44.40,44.48,44.03,44.03,-0.37,-0.83,"401,026",,
2020-07-15,43.65,44.40,43.58,44.40,1.05,2.42,"471,443",,
2020-07-14,43.65,43.65,42.75,43.35,-0.38,-0.87,"468,162",,
2020-07-13,44.55,44.55,43.50,43.73,-0.52,-1.18,"524,962",,
2020-07-12,44.25,44.55,44.10,44.25,0.30,0.68,"988,907",,
2020-07-09,42.53,43.95,42.23,43.95,1.42,3.34,"1,031,736",,
2020-07-08,42.60,42.75,42.38,42.53,-0.37,-0.86,"314,267",,
2020-07-07,43.20,43.20,42.53,42.90,-0.30,-0.69,"497,132",,
2020-07-06,43.50,43.58,42.83,43.20,-0.23,-0.53,"404,818",,
2020-07-05,42.98,43.43,42.75,43.43,0.83,1.95,"491,562",,
2020-07-02,41.70,42.98,41.70,42.60,1.05,2.53,"891,886",,
2020-07-01,41.40,42.00,41.25,41.55,0.30,0.73,"575,840",,
2020-06-30,41.85,42.60,41.10,41.25,-0.98,-2.32,"678,916",,
2020-06-29,42.15,42.53,42.00,42.23,0.00,0.00,"423,605",,
2020-06-28,42.00,42.68,41.78,42.23,0.38,0.91,"682,476",,
2020-06-25,40.88,42.15,40.43,41.85,0.82,2.00,"990,571",,
2020-06-24,41.18,41.48,41.03,41.03,-0.07,-0.17,"574,210",,
2020-06-23,40.28,41.18,39.68,41.10,0.82,2.04,"997,539",,
2020-06-22,41.78,41.85,40.20,40.28,-1.42,-3.41,"793,310",,
2020-06-21,41.63,42.30,41.25,41.70,0.67,1.63,"971,726",,
2020-06-18,39.68,42.30,39.53,41.03,1.58,4.01,"3,418,319",,
2020-06-17,39.68,40.28,39.15,39.45,-0.08,-0.20,"1,391,660",,
2020-06-16,38.40,39.60,38.40,39.53,1.28,3.35,"1,630,765",,
2020-06-15,38.63,38.78,38.10,38.25,-0.38,-0.98,"922,372",,
2020-06-14,37.50,38.78,37.35,38.63,0.98,2.60,"1,742,443",,
2020-06-11,37.58,37.95,37.43,37.65,-0.15,-0.40,"1,199,939",,
2020-06-10,37.58,38.33,37.05,37.80,0.41,1.10,"2,421,930",,
2020-06-09,36.90,37.39,36.75,37.39,0.41,1.11,"679,374",,
2020-06-08,37.43,37.43,36.83,36.98,-0.30,-0.80,"887,523",,
2020-06-07,36.45,37.50,36.30,37.28,0.94,2.59,"1,401,646",,
2020-06-04,36.53,36.60,36.15,36.34,-0.26,-0.71,"703,941",,
2020-06-03,37.65,37.80,36.60,36.60,-1.05,-2.79,"1,740,883",,
2020-06-02,38.33,38.55,37.50,37.65,-0.38,-1.00,"1,444,623",,
2020-06-01,38.48,38.55,37.50,38.03,-0.60,-1.55,"1,327,980",,
2020-05-31,37.65,39.00,36.38,38.63,2.93,8.21,"3,100,758",,
2020-05-21,35.78,35.85,35.40,35.70,0.15,0.42,"1,272,234",,
2020-05-20,36.08,36.15,34.88,35.55,-0.08,-0.22,"1,313,038",,
2020-05-19,35.03,35.78,34.76,35.63,1.05,3.04,"2,320,131",,
2020-05-18,34.50,34.65,33.75,34.58,0.64,1.89,"2,551,628",,
2020-05-17,33.08,33.98,32.74,33.94,1.28,3.92,"2,127,236",,
2020-05-14,33.83,33.83,32.66,32.66,-0.87,-2.59,"1,675,073",,
2020-05-13,34.20,34.35,33.30,33.53,-0.30,-0.89,"1,646,379",,
2020-05-12,34.50,34.80,33.64,33.83,-0.90,-2.59,"2,574,041",,
2020-05-11,34.73,35.25,34.73,34.73,-3.82,-9.91,"4,958,023",,
2020-05-10,39.08,39.15,38.33,38.55,-0.53,-1.36,"350,282",,
2020-05-07,39.68,39.68,38.48,39.08,-0.60,-1.51,"323,795",,
2020-05-06,40.43,40.50,39.23,39.68,0.75,1.93,"630,720",,
2020-05-05,39.62,39.80,38.49,38.93,0.00,0.00,"877,834",,
2020-05-04,38.24,39.68,38.05,38.93,0.25,0.65,"880,055",,
2020-05-03,40.74,40.74,38.12,38.68,-3.55,-8.41,"514,472",,
2020-04-30,43.05,43.05,41.99,42.23,-0.26,-0.61,"491,786",,
2020-04-29,43.30,43.36,42.36,42.49,-0.43,-1.00,"525,032",,
2020-04-28,42.68,43.55,42.55,42.92,0.31,0.73,"286,581",,
2020-04-27,44.42,45.30,41.99,42.61,-0.75,-1.73,"887,080",,
2020-04-26,40.99,43.36,40.99,43.36,3.93,9.97,"369,344",,
2020-04-23,38.74,39.43,38.74,39.43,1.31,3.44,"484,663",,
2020-04-22,37.49,38.30,37.49,38.12,0.63,1.68,"346,073",,
2020-04-21,36.80,38.36,36.80,37.49,-0.06,-0.16,"263,484",,
2020-04-20,37.18,37.67,36.86,37.55,0.31,0.83,"105,579",,
2020-04-19,37.49,37.49,36.80,37.24,0.13,0.35,"264,529",,
2020-04-16,37.18,37.49,37.11,37.11,-0.69,-1.83,"164,285",,
2020-04-15,37.99,38.49,37.49,37.80,-0.06,-0.16,"397,586",,
2020-04-14,37.18,38.68,37.18,37.86,1.00,2.71,"223,118",,
2020-04-13,37.67,37.67,36.62,36.86,-0.81,-2.15,"314,591",,
2020-04-12,38.12,38.12,37.49,37.67,-0.69,-1.80,"192,157",,
2020-04-09,38.42,38.61,38.12,38.36,0.43,1.13,"993,495",,
2020-04-08,38.68,38.68,37.55,37.93,-0.68,-1.76,"626,582",,
2020-04-07,38.24,38.68,38.12,38.61,0.49,1.29,"456,569",,
2020-04-06,36.86,38.55,36.74,38.12,1.20,3.25,"1,514,201",,
2020-04-05,37.43,37.43,36.30,36.92,0.06,0.16,"1,702,657",,
2020-04-02,35.93,37.30,35.93,36.86,0.62,1.71,"777,738",,
2020-04-01,35.93,36.30,35.55,36.24,0.44,1.23,"413,316",,
2020-03-31,34.30,35.99,34.18,35.80,1.88,5.54,"752,261",,
2020-03-30,34.05,34.43,33.62,33.92,0.18,0.53,"370,325",,
2020-03-29,33.30,34.67,33.11,33.74,0.12,0.36,"303,474",,
2020-03-26,33.68,33.74,32.93,33.62,0.51,1.54,"265,433",,
2020-03-25,34.61,35.24,32.68,33.11,-0.69,-2.04,"871,864",,
2020-03-24,32.81,34.24,32.18,33.80,1.74,5.43,"644,060",,
2020-03-23,35.05,35.05,31.74,32.06,-2.99,-8.53,"1,511,152",,
2020-03-22,35.74,36.43,34.67,35.05,-1.44,-3.95,"541,474",,
2020-03-19,34.37,36.49,33.24,36.49,2.44,7.17,"1,790,858",,
2020-03-18,34.18,35.87,33.11,34.05,-0.32,-0.93,"1,271,315",,
2020-03-17,34.99,35.30,32.49,34.37,1.94,5.98,"635,897",,
2020-03-16,31.93,33.56,31.93,32.43,-2.99,-8.44,"1,931,005",,
2020-03-15,39.05,39.68,35.42,35.42,-3.88,-9.87,"1,200,082",,
2020-03-12,39.43,40.61,39.24,39.30,-4.25,-9.76,"1,562,706",,
,,,,,,,,,
,,,,,,,,,
,,,,,,,,,
,,,,,,,,,
,,,,,,,,,
,,,,,,,,,
,,,,,,,,,
,,,,,,,,,
,,,,,,,,,
,,,,,,,,,
,,,,,,,,,
,,,,,,,,,
,,,,,,,,,
,,,,,,,,,
,,,,,,,,,
,,,,,,,,,
,,,,,,,,,
,,,,,,,,,
,,,,,,,,,
,,,,,,,,,
,,,,,,,,,
,,,,,,,,,
,,,,,,,,,
,,,,,,,,,
,,,,,,,,,
,,,,,,,,,
,,,,,,,,,
,,,,,,,,,
,,,,,,,,,
,,,,,,,,,
,,,,,,,,,
,,,,,,,,,
,,,,,,,,,
,,,,,,,,,
,,,,,,,,,
,,,,,,,,,
,,,,,,,,,
,,,,,,,,,
,,,,,,,,,
,,,,,,,,,
,,,,,,,,,
,,,,,,,,,
,,,,,,,,,
,,,,,,,,,
,,,,,,,,,
,,,,,,,,,
,,,,,,,,,
,,,,,,,,,
,,,,,,,,,
,,,,,,,,,
,,,,,,,,,
,,,,,,,,,
,,,,,,,,,
,,,,,,,,,
,,,,,,,,,
,,,,,,,,,
,,,,,,,,,
,,,,,,,,,
,,,,,,,,,
,,,,,,,,,
,,,,,,,,,
,,,,,,,,,
,,,,,,,,,
,,,,,,,,,
,,,,,,,,,
,,,,,,,,,
,,,,,,,,,
,,,,,,,,,
,,,,,,,,,
,,,,,,,,,
,,,,,,,,,
,,,,,,,,,
,,,,,,,,,
,,,,,,,,,
,,,,,,,,,
,,,,,,,,,
,,,,,,,,,
,,,,,,,,,
,,,,,,,,,
,,,,,,,,,
,,,,,,,,,
,,,,,,,,,
,,,,,,,,,
,,,,,,,,,
,,,,,,,,,
,,,,,,,,,
,,,,,,,,,
,,,,,,,,,
,,,,,,,,,
,,,,,,,,,
,,,,,,,,,
,,,,,,,,,
,,,,,,,,,
,,,,,,,,,
,,,,,,,,,
,,,,,,,,,
,,,,,,,,,
,,,,,,,,,
,,,,,,,,,
,,,,,,,,,
2020-03-11,45.92,45.92,43.43,43.55,-2.06,-4.52,"613,963",,
2020-03-10,47.48,47.48,43.73,45.61,2.25,5.19,"2,564,325",,
2020-03-09,43.30,44.05,43.30,43.36,-4.75,-9.87,"758,352",,
2020-03-08,48.74,48.92,46.55,48.11,-2.50,-4.94,"849,677",,
2020-03-05,51.11,51.74,50.36,50.61,0.07,0.14,"69,818",,
2020-03-04,49.73,50.86,49.42,50.54,0.37,0.74,"149,095",,
2020-03-03,50.61,51.23,49.67,50.17,0.19,0.38,"141,584",,
2020-03-02,48.74,50.30,48.74,49.98,2.18,4.56,"545,880",,
2020-03-01,47.48,47.80,45.61,47.80,-1.24,-2.53,"424,937",,
2020-02-27,49.98,50.30,48.11,49.04,-1.38,-2.74,"421,525",,
2020-02-26,51.48,51.48,49.61,50.42,-1.44,-2.78,"594,290",,
2020-02-25,52.17,53.11,51.86,51.86,-1.25,-2.35,"87,230",,
2020-02-24,52.49,54.55,51.55,53.11,-0.19,-0.36,"290,286",,
2020-02-23,53.54,53.54,52.67,53.30,0.51,0.97,"89,998",,
2020-02-20,51.42,53.73,51.42,52.79,1.56,3.05,"132,359",,
2020-02-19,50.54,51.61,50.54,51.23,0.99,1.97,"120,436",,
2020-02-18,50.92,50.92,50.17,50.24,-0.62,-1.22,"26,251",,
2020-02-17,50.80,51.74,50.61,50.86,-0.31,-0.61,"79,539",,
2020-02-16,52.17,52.17,50.30,51.17,-0.69,-1.33,"58,789",,
2020-02-13,52.42,52.49,51.74,51.86,-0.06,-0.12,"144,228",,
2020-02-12,53.30,53.30,51.23,51.92,-1.32,-2.48,"122,514",,
2020-02-11,53.30,54.05,52.73,53.24,-0.68,-1.26,"128,877",,
2020-02-10,54.05,54.05,53.11,53.92,0.25,0.47,"80,346",,
2020-02-09,53.73,54.36,53.30,53.67,-1.19,-2.17,"75,599",,
2020-02-06,55.11,55.23,54.48,54.86,-0.18,-0.33,"462,307",,
2020-02-05,54.98,55.79,54.74,55.04,0.30,0.55,"424,988",,
2020-02-04,53.05,56.79,53.05,54.74,1.82,3.44,"593,594",,
2020-02-03,51.86,53.05,51.86,52.92,1.06,2.04,"297,801",,
2020-02-02,50.92,51.86,50.67,51.86,0.38,0.74,"141,762",,
2020-01-30,49.67,51.48,49.67,51.48,1.24,2.47,"143,979",,
2020-01-29,49.98,50.36,49.92,50.24,-0.06,-0.12,"167,658",,
2020-01-28,49.98,50.30,49.36,50.30,0.32,0.64,"266,637",,
2020-01-27,50.36,50.36,49.30,49.98,-0.56,-1.11,"180,493",,
2020-01-26,50.61,50.61,49.98,50.54,-0.07,-0.14,"172,462",,
2020-01-23,51.23,51.23,50.17,50.61,-0.44,-0.86,"160,895",,
2020-01-22,51.23,51.48,50.99,51.05,-0.18,-0.35,"71,886",,
2020-01-21,50.30,51.55,49.98,51.23,1.06,2.11,"194,910",,
2020-01-20,51.42,51.80,50.05,50.17,-1.06,-2.07,"142,908",,
2020-01-19,49.67,53.11,49.67,51.23,2.49,5.11,"573,360",,
2020-01-16,47.55,49.04,46.99,48.74,1.38,2.91,"214,671",,
2020-01-15,48.11,48.17,47.36,47.36,-0.87,-1.80,"48,583",,
2020-01-14,47.99,49.04,47.99,48.23,0.30,0.63,"172,392",,
2020-01-13,47.30,48.05,47.24,47.93,0.69,1.46,"114,438",,
2020-01-12,47.18,47.24,46.80,47.24,0.38,0.81,"132,831",,
2020-01-09,47.99,48.11,46.86,46.86,-0.13,-0.28,"207,041",,
2020-01-08,46.55,47.48,46.24,46.99,0.13,0.28,"266,056",,
2020-01-07,47.24,47.86,46.61,46.86,-0.25,-0.53,"113,656",,
2020-01-06,46.61,47.74,46.55,47.11,0.44,0.94,"161,685",,
2020-01-05,47.80,47.80,46.67,46.67,-1.19,-2.49,"143,175",,
2020-01-02,46.67,48.23,46.30,47.86,1.19,2.55,"222,561",,
2020-01-01,46.92,46.92,46.55,46.67,-0.13,-0.28,"54,689",,
,,,,,,,,,
,,,,,,,,,
,,,,,,,,,
,,,,,,,,,
,,,,,,,,,
,,,,,,,,,
,,,,,,,,,
,,,,,,,,,
,,,,,,,,,
,,,,,,,,,
,,,,,,,,,
,,,,,,,,,
,,,,,,,,,
,,,,,,,,,
,,,,,,,,,
,,,,,,,,,
,,,,,,,,,
,,,,,,,,,
,,,,,,,,,
,,,,,,,,,
,,,,,,,,,
,,,,,,,,,
,,,,,,,,,
,,,,,,,,,
,,,,,,,,,
,,,,,,,,,
,,,,,,,,,
,,,,,,,,,
,,,,,,,,,
,,,,,,,,,
,,,,,,,,,
,,,,,,,,,
,,,,,,,,,
,,,,,,,,,
,,,,,,,,,
,,,,,,,,,
,,,,,,,,,
,,,,,,,,,
,,,,,,,,,
,,,,,,,,,
,,,,,,,,,
,,,,,,,,,
,,,,,,,,,
,,,,,,,,,
,,,,,,,,,
,,,,,,,,,
,,,,,,,,,
,,,,,,,,,
,,,,,,,,,
,,,,,,,,,
,,,,,,,,,
,,,,,,,,,
,,,,,,,,,
,,,,,,,,,
,,,,,,,,,
,,,,,,,,,
,,,,,,,,,
,,,,,,,,,
,,,,,,,,,
,,,,,,,,,
,,,,,,,,,
,,,,,,,,,
,,,,,,,,,
,,,,,,,,,
,,,,,,,,,
,,,,,,,,,
,,,,,,,,,
,,,,,,,,,
,,,,,,,,,
,,,,,,,,,
,,,,,,,,,
,,,,,,,,,
,,,,,,,,,
,,,,,,,,,
,,,,,,,,,
,,,,,,,,,
,,,,,,,,,
,,,,,,,,,
,,,,,,,,,
,,,,,,,,,
,,,,,,,,,
,,,,,,,,,
,,,,,,,,,
,,,,,,,,,
,,,,,,,,,
,,,,,,,,,
,,,,,,,,,
,,,,,,,,,
,,,,,,,,,
,,,,,,,,,
,,,,,,,,,
,,,,,,,,,
,,,,,,,,,
,,,,,,,,,
,,,,,,,,,
,,,,,,,,,
,,,,,,,,,
,,,,,,,,,
,,,,,,,,,
,,,,,,,,,
