0,1,2,3,4,5,6,7,8,9,10,11,12
2025-05-29,7.92,7.99,7.92,7.99,0.05,0.63,"421,903",,,,,
2025-05-28,7.94,7.99,7.93,7.94,0.01,0.13,"301,171",,,,,
2025-05-27,8.14,8.14,7.91,7.93,-0.16,-1.98,"647,996",,,,,
2025-05-26,8.30,8.30,8.07,8.09,-0.21,-2.53,"530,101",,,,,
2025-05-25,8.25,8.30,8.23,8.30,0.05,0.61,"194,862",,,,,
2025-05-22,8.34,8.36,8.23,8.25,-0.09,-1.08,"581,097",,,,,
2025-05-21,8.47,8.47,8.34,8.34,-0.13,-1.53,"207,563",,,,,
2025-05-20,8.34,8.47,8.32,8.47,0.03,0.36,"684,150",,,,,
2025-05-19,8.44,8.45,8.39,8.44,0.00,0.00,"178,304",,,,,
2025-05-18,8.51,8.51,8.39,8.44,-0.12,-1.40,"957,692",,,,,
2025-05-15,8.66,8.66,8.51,8.56,-0.14,-1.61,"333,334",,,,,
2025-05-14,8.49,8.70,8.49,8.70,0.22,2.59,"353,646",,,,,
2025-05-13,8.49,8.53,8.44,8.48,0.00,0.00,"167,599",,,,,
2025-05-12,8.44,8.55,8.42,8.48,0.04,0.47,"323,132",,,,,
2025-05-11,8.38,8.46,8.37,8.44,0.08,0.96,"85,512",,,,,
2025-05-08,8.45,8.45,8.36,8.36,-0.07,-0.83,"168,348",,,,,
2025-05-07,8.40,8.43,8.35,8.43,0.03,0.36,"218,413",,,,,
2025-05-06,8.44,8.48,8.37,8.40,-0.04,-0.47,"445,088",,,,,
2025-05-05,8.56,8.56,8.35,8.44,-0.09,-1.06,"754,048",,,,,
2025-05-04,8.66,8.66,8.49,8.53,-0.04,-0.47,"381,641",,,,,
2025-05-01,8.65,8.67,8.54,8.57,-0.07,-0.81,"334,688",,,,,
2025-04-30,8.74,8.75,8.61,8.64,-0.10,-1.14,"471,673",,,,,
2025-04-29,8.72,8.75,8.66,8.74,0.02,0.23,"367,054",,,,,
2025-04-28,8.80,8.82,8.72,8.72,-0.08,-0.91,"500,235",,,,,
2025-04-27,8.91,8.92,8.80,8.80,-0.06,-0.68,"306,397",,,,,
2025-04-24,8.80,8.88,8.80,8.86,0.07,0.80,"172,878",,,,,
2025-04-23,8.83,8.89,8.79,8.79,-0.03,-0.34,"294,063",,,,,
2025-04-22,8.80,8.89,8.76,8.82,-0.01,-0.11,"194,953",,,,,
2025-04-21,8.97,8.97,8.81,8.83,-0.16,-1.78,"456,530",,,,,
2025-04-20,8.98,9.03,8.97,8.99,0.01,0.11,"356,722",,,,,
2025-04-17,8.92,8.98,8.91,8.98,0.05,0.56,"230,974",,,,,
2025-04-16,9.00,9.00,8.93,8.93,-0.05,-0.56,"133,563",,,,,
2025-04-15,9.01,9.20,8.93,8.98,0.04,0.45,"431,925",,,,,
2025-04-14,8.79,9.00,8.75,8.94,0.17,1.94,"294,190",,,,,
2025-04-13,8.70,8.80,8.69,8.77,0.08,0.92,"279,290",,,,,
2025-04-10,8.69,8.78,8.60,8.69,0.22,2.60,"509,855",,,,,
2025-04-09,8.42,8.60,8.35,8.47,-0.01,-0.12,"490,315",,,,,
2025-04-08,8.64,8.78,8.44,8.48,-0.16,-1.85,"784,729",,,,,
2025-04-07,8.57,8.75,8.28,8.64,0.07,0.82,"915,056",,,,,
2025-04-06,8.93,8.93,8.53,8.57,-0.47,-5.20,"716,544",,,,,
2025-04-03,8.98,9.10,8.96,9.04,0.06,0.67,"523,084",,,,,
2025-03-27,9.00,9.04,8.96,8.98,0.05,0.56,"276,093",,,,,
2025-03-26,8.86,9.03,8.86,8.93,0.07,0.79,"293,246",,,,,
2025-03-25,8.88,8.89,8.80,8.86,0.03,0.34,"307,912",,,,,
2025-03-24,8.90,8.90,8.78,8.83,-0.13,-1.45,"691,395",,,,,
2025-03-23,8.83,8.96,8.75,8.96,0.20,2.28,"675,045",,,,,
2025-03-20,9.00,9.06,8.76,8.76,-0.19,-2.12,"3,641,120",,,,,
2025-03-19,9.11,9.13,8.94,8.95,-0.16,-1.76,"329,764",,,,,
2025-03-18,9.28,9.28,9.10,9.11,-0.02,-0.22,"118,550",,,,,
2025-03-17,9.10,9.30,9.07,9.13,0.03,0.33,"194,456",,,,,
2025-03-16,9.03,9.12,9.03,9.10,0.07,0.78,"125,343",,,,,
2025-03-13,9.00,9.10,8.96,9.03,0.10,1.12,"246,631",,,,,
2025-03-12,8.92,8.98,8.90,8.93,0.01,0.11,"138,085",,,,,
2025-03-11,9.04,9.04,8.76,8.92,0.01,0.11,"285,963",,,,,
2025-03-10,9.05,9.05,8.91,8.91,-0.13,-1.44,"178,929",,,,,
2025-03-09,9.04,9.04,8.94,9.04,0.07,0.78,"201,715",,,,,
2025-03-06,9.15,9.15,8.92,8.97,-0.14,-1.54,"557,599",,,,,
2025-03-05,9.24,9.24,9.10,9.11,-0.12,-1.30,"267,966",,,,,
2025-03-04,9.14,9.29,9.14,9.23,0.03,0.33,"138,394",,,,,
2025-03-03,9.15,9.35,9.15,9.20,0.05,0.55,"341,719",,,,,
2025-03-02,9.40,9.46,9.14,9.15,-0.25,-2.66,"274,517",,,,,
2025-02-27,9.44,9.50,9.40,9.40,-0.04,-0.42,"119,920",,,,,
2025-02-26,9.50,9.55,9.40,9.44,-0.06,-0.63,"142,604",,,,,
2025-02-25,9.60,9.62,9.48,9.50,-0.12,-1.25,"194,769",,,,,
2025-02-24,9.70,9.72,9.57,9.62,-0.08,-0.82,"210,134",,,,,
2025-02-20,9.72,9.72,9.67,9.70,0.00,0.00,"102,656",,,,,
2025-02-19,9.67,9.70,9.64,9.70,0.03,0.31,"132,562",,,,,
2025-02-18,9.66,9.75,9.66,9.67,-0.02,-0.21,"128,736",,,,,
2025-02-17,9.75,9.77,9.67,9.69,-0.08,-0.82,"153,145",,,,,
2025-02-16,9.83,9.91,9.75,9.77,-0.10,-1.01,"311,998",,,,,
2025-02-13,9.82,9.91,9.81,9.87,0.05,0.51,"293,225",,,,,
2025-02-12,10.00,10.00,9.81,9.82,-0.18,-1.80,"225,665",,,,,
2025-02-11,9.93,10.00,9.77,10.00,0.07,0.70,"631,043",,,,,
2025-02-10,9.72,9.93,9.67,9.93,0.21,2.16,"413,733",,,,,
2025-02-09,9.87,9.87,9.71,9.72,-0.15,-1.52,"224,168",,,,,
2025-02-06,9.80,9.89,9.76,9.87,0.08,0.82,"228,150",,,,,
2025-02-05,9.82,9.89,9.78,9.79,-0.03,-0.31,"325,253",,,,,
2025-02-04,9.69,9.83,9.65,9.82,0.12,1.24,"390,368",,,,,
2025-02-03,9.70,9.72,9.62,9.70,0.00,0.00,"272,318",,,,,
2025-02-02,9.61,9.79,9.61,9.70,0.07,0.73,"318,982",,,,,
2025-01-30,9.65,9.73,9.60,9.63,-0.02,-0.21,"301,890",,,,,
2025-01-29,9.85,9.89,9.57,9.65,-0.20,-2.03,"499,356",,,,,
2025-01-28,9.94,9.98,9.83,9.85,-0.09,-0.91,"418,603",,,,,
2025-01-27,9.99,10.04,9.86,9.94,-0.05,-0.50,"902,453",,,,,
2025-01-26,10.00,10.10,9.84,9.99,0.08,0.81,"1,465,227",,,,,
2025-01-23,9.31,9.99,9.31,9.91,0.61,6.56,"3,704,415",,,,,
2025-01-22,9.28,9.36,9.28,9.30,0.00,0.00,"234,146",,,,,
2025-01-21,9.25,9.34,9.18,9.30,0.12,1.31,"344,214",,,,,
2025-01-20,9.20,9.23,9.16,9.18,-0.02,-0.22,"127,835",,,,,
2025-01-19,9.24,9.28,9.18,9.20,-0.01,-0.11,"281,537",,,,,
2025-01-16,9.20,9.29,9.20,9.21,0.01,0.11,"270,971",,,,,
2025-01-15,9.32,9.32,9.17,9.20,-0.12,-1.29,"442,018",,,,,
2025-01-14,9.30,9.35,9.28,9.32,0.02,0.22,"87,483",,,,,
2025-01-13,9.35,9.37,9.29,9.30,-0.05,-0.53,"196,979",,,,,
2025-01-12,9.32,9.36,9.26,9.35,0.03,0.32,"214,293",,,,,
2025-01-09,9.34,9.41,9.24,9.32,-0.02,-0.21,"243,622",,,,,
2025-01-08,9.30,9.42,9.28,9.34,0.04,0.43,"269,489",,,,,
2025-01-07,9.38,9.44,9.30,9.30,-0.15,-1.59,"496,971",,,,,
2025-01-06,9.39,9.49,9.28,9.45,0.08,0.85,"433,998",,,,,
2025-01-05,9.29,9.37,9.16,9.37,0.07,0.75,"402,881",,,,,
,,,,,,,,,,,,
,,,,,,,,,,,,
,,,,,,,,,,,,
,,,,,,,,,,,,
,,,,,,,,,,,,
,,,,,,,,,,,,
,,,,,,,,,,,,
,,,,,,,,,,,,
,,,,,,,,,,,,
,,,,,,,,,,,,
,,,,,,,,,,,,
,,,,,,,,,,,,
,,,,,,,,,,,,
,,,,,,,,,,,,
,,,,,,,,,,,,
,,,,,,,,,,,,
,,,,,,,,,,,,
,,,,,,,,,,,,
,,,,,,,,,,,,
,,,,,,,,,,,,
,,,,,,,,,,,,
,,,,,,,,,,,,
,,,,,,,,,,,,
,,,,,,,,,,,,
,,,,,,,,,,,,
,,,,,,,,,,,,
,,,,,,,,,,,,
,,,,,,,,,,,,
,,,,,,,,,,,,
,,,,,,,,,,,,
,,,,,,,,,,,,
,,,,,,,,,,,,
,,,,,,,,,,,,
,,,,,,,,,,,,
,,,,,,,,,,,,
,,,,,,,,,,,,
,,,,,,,,,,,,
,,,,,,,,,,,,
,,,,,,,,,,,,
,,,,,,,,,,,,
,,,,,,,,,,,,
,,,,,,,,,,,,
,,,,,,,,,,,,
,,,,,,,,,,,,
,,,,,,,,,,,,
,,,,,,,,,,,,
,,,,,,,,,,,,
,,,,,,,,,,,,
,,,,,,,,,,,,
,,,,,,,,,,,,
,,,,,,,,,,,,
,,,,,,,,,,,,
,,,,,,,,,,,,
,,,,,,,,,,,,
,,,,,,,,,,,,
,,,,,,,,,,,,
,,,,,,,,,,,,
,,,,,,,,,,,,
,,,,,,,,,,,,
,,,,,,,,,,,,
,,,,,,,,,,,,
,,,,,,,,,,,,
,,,,,,,,,,,,
,,,,,,,,,,,,
,,,,,,,,,,,,
,,,,,,,,,,,,
,,,,,,,,,,,,
,,,,,,,,,,,,
,,,,,,,,,,,,
,,,,,,,,,,,,
,,,,,,,,,,,,
,,,,,,,,,,,,
,,,,,,,,,,,,
,,,,,,,,,,,,
,,,,,,,,,,,,
,,,,,,,,,,,,
,,,,,,,,,,,,
,,,,,,,,,,,,
,,,,,,,,,,,,
,,,,,,,,,,,,
,,,,,,,,,,,,
,,,,,,,,,,,,
,,,,,,,,,,,,
,,,,,,,,,,,,
,,,,,,,,,,,,
,,,,,,,,,,,,
,,,,,,,,,,,,
,,,,,,,,,,,,
,,,,,,,,,,,,
,,,,,,,,,,,,
,,,,,,,,,,,,
,,,,,,,,,,,,
,,,,,,,,,,,,
,,,,,,,,,,,,
,,,,,,,,,,,,
,,,,,,,,,,,,
,,,,,,,,,,,,
,,,,,,,,,,,,
,,,,,,,,,,,,
,,,,,,,,,,,,
2025-01-05,52.00,52.00,51.40,51.60,-0.40,-0.77,"108,512",,,,,
2025-01-02,52.90,52.90,51.70,52.00,-0.90,-1.70,"231,271",,,,,
2025-01-01,52.60,53.20,52.60,52.90,0.30,0.57,"47,829",,,,,
2024-12-31,52.60,52.80,52.50,52.60,-0.20,-0.38,"101,018",,,,,
2024-12-30,52.60,52.80,52.40,52.80,0.20,0.38,"70,346",,,,,
2024-12-29,53.00,53.00,52.60,52.60,-0.30,-0.57,"61,694",,,,,
2024-12-26,53.20,53.20,52.80,52.90,-0.30,-0.56,"51,466",,,,,
2024-12-25,52.80,54.00,52.70,53.20,0.20,0.38,"111,792",,,,,
2024-12-24,53.00,53.40,52.80,53.00,0.00,0.00,"40,174",,,,,
2024-12-23,53.10,53.30,52.70,53.00,-0.10,-0.19,"59,850",,,,,
2024-12-22,53.60,53.90,53.00,53.10,-0.10,-0.19,"55,649",,,,,
2024-12-19,53.90,53.90,53.20,53.20,-0.80,-1.48,"117,577",,,,,
2024-12-18,54.00,54.00,53.50,54.00,0.00,0.00,"71,890",,,,,
2024-12-17,53.90,54.60,53.80,54.00,0.00,0.00,"226,839",,,,,
2024-12-16,54.00,54.10,53.70,54.00,0.10,0.19,"116,014",,,,,
2024-12-15,53.80,54.00,53.70,53.90,0.30,0.56,"124,387",,,,,
2024-12-12,53.70,53.90,53.50,53.60,-0.30,-0.56,"51,139",,,,,
2024-12-11,54.30,54.30,53.80,53.90,-0.20,-0.37,"82,387",,,,,
2024-12-10,53.90,54.30,53.80,54.10,0.10,0.19,"313,098",,,,,
2024-12-09,53.80,54.10,53.70,54.00,0.20,0.37,"89,500",,,,,
2024-12-08,53.30,54.10,53.00,53.80,0.30,0.56,"132,771",,,,,
2024-12-05,52.90,53.50,52.90,53.50,0.70,1.33,"61,230",,,,,
2024-12-04,52.70,53.10,52.70,52.80,0.00,0.00,"35,052",,,,,
2024-12-03,52.80,53.00,52.50,52.80,0.00,0.00,"34,495",,,,,
2024-12-02,52.80,52.90,52.40,52.80,0.00,0.00,"31,282",,,,,
2024-12-01,52.80,52.90,52.20,52.80,-0.60,-1.12,"265,162",,,,,
2024-11-28,53.60,53.70,53.00,53.40,-0.20,-0.37,"179,265",,,,,
2024-11-27,54.00,54.00,53.20,53.60,-0.20,-0.37,"90,825",,,,,
2024-11-26,54.00,54.20,53.70,53.80,-0.20,-0.37,"84,085",,,,,
2024-11-25,53.90,54.00,53.60,54.00,0.10,0.19,"102,770",,,,,
2024-11-24,53.70,54.00,53.60,53.90,0.20,0.37,"71,145",,,,,
2024-11-21,54.50,54.50,53.50,53.70,-0.80,-1.47,"106,750",,,,,
2024-11-20,53.50,54.50,53.50,54.50,1.00,1.87,"191,781",,,,,
2024-11-19,53.90,53.90,53.40,53.50,-0.40,-0.74,"55,600",,,,,
2024-11-18,53.80,54.10,53.50,53.90,0.20,0.37,"62,699",,,,,
2024-11-17,53.30,53.90,53.20,53.70,0.40,0.75,"60,151",,,,,
2024-11-14,53.70,53.80,53.30,53.30,-0.30,-0.56,"69,785",,,,,
2024-11-13,54.20,54.30,53.50,53.60,-0.80,-1.47,"76,907",,,,,
2024-11-12,53.60,54.50,53.60,54.40,1.00,1.87,"284,329",,,,,
2024-11-11,54.20,54.20,53.00,53.40,-0.60,-1.11,"163,001",,,,,
2024-11-10,53.60,54.20,53.40,54.00,0.50,0.93,"248,715",,,,,
2024-11-07,52.60,54.00,52.50,53.50,1.00,1.90,"172,402",,,,,
2024-11-06,52.50,52.90,52.20,52.50,0.10,0.19,"61,073",,,,,
2024-11-05,51.20,52.50,51.00,52.40,1.20,2.34,"296,481",,,,,
2024-11-04,51.40,51.40,50.80,51.20,-0.20,-0.39,"113,933",,,,,
2024-11-03,52.20,52.30,51.30,51.40,-0.90,-1.72,"127,508",,,,,
2024-10-31,53.00,53.10,52.30,52.30,-0.50,-0.95,"123,731",,,,,
2024-10-30,53.30,53.40,52.70,52.80,-0.50,-0.94,"79,310",,,,,
2024-10-29,53.50,53.50,53.00,53.30,-0.20,-0.37,"60,798",,,,,
2024-10-28,53.20,53.80,52.90,53.50,0.30,0.56,"81,970",,,,,
2024-10-27,52.70,53.30,52.70,53.20,0.60,1.14,"45,653",,,,,
2024-10-24,52.70,52.90,52.30,52.60,-0.10,-0.19,"36,103",,,,,
2024-10-23,53.20,53.20,52.70,52.70,-0.50,-0.94,"43,452",,,,,
2024-10-22,53.50,53.50,53.00,53.20,-0.20,-0.37,"37,970",,,,,
2024-10-21,53.40,53.40,53.00,53.40,0.00,0.00,"21,867",,,,,
2024-10-20,53.10,53.50,52.90,53.40,-0.20,-0.37,"59,234",,,,,
2024-10-17,54.00,54.20,53.00,53.60,-0.10,-0.19,"273,366",,,,,
2024-10-16,51.90,55.00,51.90,53.70,1.70,3.27,"462,981",,,,,
2024-10-15,52.20,52.40,51.90,52.00,-0.30,-0.57,"107,449",,,,,
2024-10-14,52.10,52.70,52.10,52.30,0.10,0.19,"127,586",,,,,
2024-10-13,52.20,52.60,52.10,52.20,0.00,0.00,"65,805",,,,,
2024-10-10,52.40,52.80,52.20,52.20,-0.60,-1.14,"73,738",,,,,
2024-10-09,52.80,53.00,52.50,52.80,0.00,0.00,"44,152",,,,,
2024-10-08,53.00,53.20,52.50,52.80,0.20,0.38,"110,104",,,,,
2024-10-07,52.50,53.00,52.40,52.60,0.10,0.19,"90,600",,,,,
2024-10-06,52.50,53.10,52.50,52.50,0.00,0.00,"209,885",,,,,
2024-10-03,53.10,53.30,52.50,52.50,-0.70,-1.32,"177,510",,,,,
2024-10-02,52.70,54.00,51.90,53.20,0.40,0.76,"278,890",,,,,
2024-10-01,53.10,53.70,52.40,52.80,-0.30,-0.56,"183,336",,,,,
2024-09-30,52.10,53.20,52.00,53.10,1.00,1.92,"239,789",,,,,
2024-09-29,52.30,52.30,51.80,52.10,-0.20,-0.38,"65,076",,,,,
2024-09-26,52.10,52.50,52.00,52.30,0.30,0.58,"142,190",,,,,
2024-09-25,51.70,52.10,51.60,52.00,0.30,0.58,"143,480",,,,,
2024-09-24,51.20,51.70,51.20,51.70,0.00,0.00,"185,884",,,,,
2024-09-22,51.60,51.70,51.30,51.70,0.30,0.58,"151,419",,,,,
2024-09-19,51.90,51.90,51.20,51.40,-0.10,-0.19,"97,902",,,,,
2024-09-18,51.70,51.70,51.10,51.50,-0.20,-0.39,"80,159",,,,,
2024-09-17,51.40,51.70,51.00,51.70,0.40,0.78,"127,016",,,,,
2024-09-16,51.90,51.90,51.20,51.30,-0.20,-0.39,"86,801",,,,,
2024-09-15,51.60,51.90,51.50,51.50,0.00,0.00,"83,210",,,,,
2024-09-12,51.50,51.50,51.20,51.50,0.40,0.78,"44,469",,,,,
2024-09-11,51.70,51.70,51.10,51.10,-0.30,-0.58,"87,850",,,,,
2024-09-10,51.20,51.80,51.20,51.40,0.20,0.39,"57,238",,,,,
2024-09-09,51.10,51.50,51.00,51.20,0.10,0.20,"80,890",,,,,
2024-09-08,51.40,51.40,50.80,51.10,-0.30,-0.58,"138,592",,,,,
2024-09-05,51.90,52.20,51.40,51.40,-0.50,-0.96,"116,648",,,,,
2024-09-04,51.60,52.00,51.10,51.90,0.10,0.19,"173,382",,,,,
2024-09-03,52.70,52.70,51.80,51.80,-0.90,-1.71,"252,128",,,,,
2024-09-02,52.70,53.00,52.50,52.70,-1.70,-3.13,"329,298",,,,,
2024-09-01,53.90,54.40,53.40,54.40,1.40,2.64,"571,141",,,,,
2024-08-29,53.10,53.80,52.80,53.00,0.20,0.38,"343,614",,,,,
2024-08-28,52.90,53.50,52.50,52.80,1.00,1.93,"607,159",,,,,
2024-08-27,51.90,52.20,51.60,51.80,0.20,0.39,"197,812",,,,,
2024-08-26,51.10,51.80,51.10,51.60,0.50,0.98,"281,724",,,,,
2024-08-25,51.30,51.50,50.90,51.10,-0.10,-0.20,"364,775",,,,,
2024-08-22,51.80,51.80,51.00,51.20,-0.60,-1.16,"292,453",,,,,
2024-08-21,51.50,52.20,51.10,51.80,0.30,0.58,"325,506",,,,,
2024-08-20,51.90,52.00,51.50,51.50,-0.40,-0.77,"135,580",,,,,
2024-08-19,51.90,52.00,51.50,51.90,0.00,0.00,"117,502",,,,,
2024-08-18,51.80,52.10,51.50,51.90,0.10,0.19,"98,785",,,,,
,,,,,,,,,,,,
,,,,,,,,,,,,
,,,,,,,,,,,,
,,,,,,,,,,,,
,,,,,,,,,,,,
,,,,,,,,,,,,
,,,,,,,,,,,,
,,,,,,,,,,,,
,,,,,,,,,,,,
,,,,,,,,,,,,
,,,,,,,,,,,,
,,,,,,,,,,,,
,,,,,,,,,,,,
,,,,,,,,,,,,
,,,,,,,,,,,,
,,,,,,,,,,,,
,,,,,,,,,,,,
,,,,,,,,,,,,
,,,,,,,,,,,,
,,,,,,,,,,,,
,,,,,,,,,,,,
,,,,,,,,,,,,
,,,,,,,,,,,,
,,,,,,,,,,,,
,,,,,,,,,,,,
,,,,,,,,,,,,
,,,,,,,,,,,,
,,,,,,,,,,,,
,,,,,,,,,,,,
,,,,,,,,,,,,
,,,,,,,,,,,,
,,,,,,,,,,,,
,,,,,,,,,,,,
,,,,,,,,,,,,
,,,,,,,,,,,,
,,,,,,,,,,,,
,,,,,,,,,,,,
,,,,,,,,,,,,
,,,,,,,,,,,,
,,,,,,,,,,,,
,,,,,,,,,,,,
,,,,,,,,,,,,
,,,,,,,,,,,,
,,,,,,,,,,,,
,,,,,,,,,,,,
,,,,,,,,,,,,
,,,,,,,,,,,,
,,,,,,,,,,,,
,,,,,,,,,,,,
,,,,,,,,,,,,
,,,,,,,,,,,,
,,,,,,,,,,,,
,,,,,,,,,,,,
,,,,,,,,,,,,
,,,,,,,,,,,,
,,,,,,,,,,,,
,,,,,,,,,,,,
,,,,,,,,,,,,
,,,,,,,,,,,,
,,,,,,,,,,,,
,,,,,,,,,,,,
,,,,,,,,,,,,
,,,,,,,,,,,,
,,,,,,,,,,,,
,,,,,,,,,,,,
,,,,,,,,,,,,
,,,,,,,,,,,,
,,,,,,,,,,,,
,,,,,,,,,,,,
,,,,,,,,,,,,
,,,,,,,,,,,,
,,,,,,,,,,,,
,,,,,,,,,,,,
,,,,,,,,,,,,
,,,,,,,,,,,,
,,,,,,,,,,,,
,,,,,,,,,,,,
,,,,,,,,,,,,
,,,,,,,,,,,,
,,,,,,,,,,,,
,,,,,,,,,,,,
,,,,,,,,,,,,
,,,,,,,,,,,,
,,,,,,,,,,,,
,,,,,,,,,,,,
,,,,,,,,,,,,
,,,,,,,,,,,,
,,,,,,,,,,,,
,,,,,,,,,,,,
,,,,,,,,,,,,
,,,,,,,,,,,,
,,,,,,,,,,,,
,,,,,,,,,,,,
,,,,,,,,,,,,
,,,,,,,,,,,,
,,,,,,,,,,,,
,,,,,,,,,,,,
,,,,,,,,,,,,
,,,,,,,,,,,,
,,,,,,,,,,,,
2024-08-15,51.80,52.00,51.70,51.80,0.00,0.00,"93,025",,,,,
2024-08-14,51.80,51.90,51.50,51.80,0.10,0.19,"125,333",,,,,
2024-08-13,51.80,52.20,51.30,51.70,-0.10,-0.19,"96,047",,,,,
2024-08-12,52.50,52.50,51.80,51.80,-0.70,-1.33,"70,865",,,,,
2024-08-11,52.60,52.70,52.10,52.50,0.60,1.16,"86,159",,,,,
2024-08-08,52.30,52.30,51.80,51.90,-0.40,-0.76,"62,688",,,,,
2024-08-07,52.20,53.00,52.20,52.30,0.10,0.19,"73,340",,,,,
2024-08-06,51.30,52.20,51.30,52.20,0.90,1.75,"150,925",,,,,
2024-08-05,52.70,52.70,50.40,51.30,-1.40,-2.66,"128,966",,,,,
2024-08-04,53.00,53.30,52.20,52.70,-1.40,-2.59,"87,076",,,,,
2024-08-01,54.00,54.30,53.70,54.10,0.20,0.37,"76,735",,,,,
2024-07-31,54.00,54.20,53.80,53.90,-0.10,-0.19,"72,023",,,,,
2024-07-30,54.90,55.00,53.40,54.00,-1.00,-1.82,"231,193",,,,,
2024-07-29,55.20,55.40,55.00,55.00,-0.20,-0.36,"102,437",,,,,
2024-07-28,55.60,56.00,55.00,55.20,-0.40,-0.72,"134,952",,,,,
2024-07-25,56.00,56.10,55.50,55.60,-0.40,-0.71,"56,277",,,,,
2024-07-24,56.20,56.40,56.00,56.00,-0.30,-0.53,"35,068",,,,,
2024-07-23,56.70,56.80,56.10,56.30,-0.40,-0.71,"67,502",,,,,
2024-07-22,56.20,56.70,56.10,56.70,0.50,0.89,"101,709",,,,,
2024-07-21,56.40,56.60,56.10,56.20,-0.20,-0.35,"50,499",,,,,
2024-07-18,56.70,56.70,55.80,56.40,0.00,0.00,"100,295",,,,,
2024-07-17,55.40,56.70,55.10,56.40,1.00,1.81,"178,791",,,,,
2024-07-16,55.30,55.50,54.80,55.40,0.20,0.36,"378,866",,,,,
2024-07-15,55.50,55.50,55.10,55.20,-0.20,-0.36,"164,149",,,,,
2024-07-14,55.30,55.60,55.20,55.40,0.10,0.18,"88,184",,,,,
2024-07-11,55.40,55.50,54.90,55.30,-0.10,-0.18,"352,896",,,,,
2024-07-10,55.40,55.60,55.20,55.40,0.00,0.00,"59,881",,,,,
2024-07-09,55.60,55.70,55.00,55.40,-0.20,-0.36,"152,096",,,,,
2024-07-08,55.80,55.80,55.30,55.60,0.00,0.00,"76,939",,,,,
2024-07-07,55.50,55.90,55.30,55.60,0.10,0.18,"70,755",,,,,
2024-07-04,55.70,55.80,55.40,55.50,-0.20,-0.36,"50,235",,,,,
2024-07-03,56.00,56.20,55.40,55.70,-0.30,-0.54,"68,089",,,,,
2024-07-02,56.50,56.80,56.00,56.00,-0.60,-1.06,"72,774",,,,,
2024-07-01,56.70,56.80,56.40,56.60,-0.10,-0.18,"84,280",,,,,
2024-06-30,56.80,56.90,56.50,56.70,-0.10,-0.18,"149,842",,,,,
2024-06-27,56.80,56.90,56.50,56.80,0.00,0.00,"143,454",,,,,
2024-06-26,57.10,57.30,56.70,56.80,-0.20,-0.35,"79,208",,,,,
2024-06-25,57.90,58.30,57.00,57.00,-1.40,-2.40,"176,131",,,,,
2024-06-24,57.70,58.40,57.40,58.40,0.70,1.21,"98,387",,,,,
2024-06-23,58.00,58.10,57.40,57.70,-1.30,-2.20,"89,224",,,,,
2024-06-13,57.50,59.00,56.50,59.00,0.60,1.03,"710,227",,,,,
2024-06-12,58.50,59.00,58.00,58.40,0.20,0.34,"35,578",,,,,
2024-06-11,58.50,58.80,58.20,58.20,-0.30,-0.51,"41,275",,,,,
2024-06-10,59.20,59.50,58.40,58.50,-0.60,-1.02,"43,850",,,,,
2024-06-09,58.60,59.40,58.30,59.10,0.10,0.17,"53,511",,,,,
2024-06-06,58.10,59.30,57.70,59.00,1.30,2.25,"76,503",,,,,
2024-06-05,58.20,58.50,57.50,57.70,-0.50,-0.86,"29,575",,,,,
2024-06-04,57.90,58.50,57.10,58.20,0.30,0.52,"77,479",,,,,
2024-06-03,57.40,57.90,57.10,57.90,0.50,0.87,"58,935",,,,,
2024-06-02,57.00,57.80,57.00,57.40,-0.30,-0.52,"41,428",,,,,
2024-05-30,57.70,57.80,56.80,57.70,0.80,1.41,"40,878",,,,,
2024-05-29,58.00,58.20,56.90,56.90,-0.70,-1.22,"40,178",,,,,
2024-05-28,57.50,59.40,57.00,57.60,0.10,0.17,"84,390",,,,,
2024-05-27,56.20,57.50,56.20,57.50,1.30,2.31,"36,732",,,,,
2024-05-26,56.40,56.50,55.70,56.20,-0.20,-0.35,"30,709",,,,,
2024-05-23,57.00,57.40,56.10,56.40,-0.60,-1.05,"32,669",,,,,
2024-05-22,57.60,57.80,57.00,57.00,-0.70,-1.21,"41,198",,,,,
2024-05-21,58.10,58.50,57.60,57.70,-0.90,-1.54,"37,035",,,,,
2024-05-20,58.40,58.80,58.20,58.60,-0.30,-0.51,"17,872",,,,,
2024-05-19,59.00,59.30,58.50,58.90,-0.10,-0.17,"18,528",,,,,
2024-05-16,61.30,61.30,59.00,59.00,-1.00,-1.67,"74,010",,,,,
2024-05-15,60.80,60.80,58.90,60.00,0.10,0.17,"51,003",,,,,
2024-05-14,59.30,61.50,59.30,59.90,0.70,1.18,"230,079",,,,,
2024-05-13,57.70,59.50,57.70,59.20,1.50,2.60,"116,738",,,,,
2024-05-12,57.70,57.90,57.60,57.70,0.10,0.17,"24,334",,,,,
2024-05-09,58.00,58.10,57.50,57.60,-0.40,-0.69,"18,757",,,,,
2024-05-08,58.40,58.40,58.00,58.00,-0.70,-1.19,"19,157",,,,,
2024-05-07,57.70,58.70,57.60,58.70,1.00,1.73,"19,423",,,,,
2024-05-06,58.80,58.80,57.70,57.70,-0.40,-0.69,"19,188",,,,,
2024-05-05,58.60,58.80,58.00,58.10,-0.50,-0.85,"23,819",,,,,
2024-05-02,58.30,59.00,58.00,58.60,0.10,0.17,"25,276",,,,,
2024-05-01,59.10,59.10,58.00,58.50,-0.50,-0.85,"23,731",,,,,
2024-04-30,58.70,59.00,57.90,59.00,0.30,0.51,"60,425",,,,,
2024-04-29,57.50,58.70,57.20,58.70,1.60,2.80,"55,284",,,,,
2024-04-28,56.90,57.40,56.40,57.10,0.20,0.35,"37,142",,,,,
2024-04-25,57.40,57.70,56.90,56.90,-0.50,-0.87,"40,215",,,,,
2024-04-24,58.00,58.20,56.60,57.40,-0.70,-1.20,"55,333",,,,,
2024-04-23,58.00,58.40,58.00,58.10,0.10,0.17,"31,232",,,,,
2024-04-22,58.10,58.40,58.00,58.00,-0.50,-0.85,"24,659",,,,,
2024-04-21,58.30,58.50,58.10,58.50,0.20,0.34,"28,018",,,,,
2024-04-18,58.50,58.70,58.20,58.30,-0.20,-0.34,"21,321",,,,,
2024-04-17,58.80,58.80,58.30,58.50,-0.30,-0.51,"25,413",,,,,
2024-04-16,59.30,59.40,58.80,58.80,-0.50,-0.84,"32,392",,,,,
2024-04-15,59.60,59.80,59.20,59.30,-0.20,-0.34,"42,632",,,,,
2024-04-14,59.50,59.60,58.90,59.50,0.00,0.00,"47,326",,,,,
2024-04-04,59.10,59.90,59.00,59.50,0.60,1.02,"45,587",,,,,
2024-04-03,58.50,59.20,58.50,58.90,0.40,0.68,"42,984",,,,,
2024-04-02,58.60,58.60,58.30,58.50,0.00,0.00,"19,227",,,,,
2024-04-01,58.80,58.80,58.20,58.50,-0.10,-0.17,"22,267",,,,,
2024-03-31,58.20,58.60,58.10,58.60,0.40,0.69,"17,386",,,,,
2024-03-28,58.80,58.80,58.10,58.20,-0.20,-0.34,"17,062",,,,,
2024-03-27,58.50,58.70,58.10,58.40,0.30,0.52,"25,453",,,,,
2024-03-26,58.20,58.70,58.10,58.10,-0.10,-0.17,"31,799",,,,,
2024-03-25,58.70,59.00,58.20,58.20,-0.50,-0.85,"32,142",,,,,
2024-03-24,58.50,58.80,58.40,58.70,0.30,0.51,"26,590",,,,,
2024-03-21,58.70,58.80,58.30,58.40,-0.10,-0.17,"27,633",,,,,
2024-03-20,59.20,59.20,58.30,58.50,-1.10,-1.85,"96,180",,,,,
2024-03-19,60.00,60.00,59.50,59.60,-0.30,-0.50,"66,600",,,,,
2024-03-18,59.60,59.90,59.30,59.90,0.40,0.67,"89,951",,,,,
2024-03-17,59.10,59.60,58.90,59.50,0.40,0.68,"51,096",,,,,
,,,,,,,,,,,,
,,,,,,,,,,,,
,,,,,,,,,,,,
,,,,,,,,,,,,
,,,,,,,,,,,,
,,,,,,,,,,,,
,,,,,,,,,,,,
,,,,,,,,,,,,
,,,,,,,,,,,,
,,,,,,,,,,,,
,,,,,,,,,,,,
,,,,,,,,,,,,
,,,,,,,,,,,,
,,,,,,,,,,,,
,,,,,,,,,,,,
,,,,,,,,,,,,
,,,,,,,,,,,,
,,,,,,,,,,,,
,,,,,,,,,,,,
,,,,,,,,,,,,
,,,,,,,,,,,,
,,,,,,,,,,,,
,,,,,,,,,,,,
,,,,,,,,,,,,
,,,,,,,,,,,,
,,,,,,,,,,,,
,,,,,,,,,,,,
,,,,,,,,,,,,
,,,,,,,,,,,,
,,,,,,,,,,,,
,,,,,,,,,,,,
,,,,,,,,,,,,
,,,,,,,,,,,,
,,,,,,,,,,,,
,,,,,,,,,,,,
,,,,,,,,,,,,
,,,,,,,,,,,,
,,,,,,,,,,,,
,,,,,,,,,,,,
,,,,,,,,,,,,
,,,,,,,,,,,,
,,,,,,,,,,,,
,,,,,,,,,,,,
,,,,,,,,,,,,
,,,,,,,,,,,,
,,,,,,,,,,,,
,,,,,,,,,,,,
,,,,,,,,,,,,
,,,,,,,,,,,,
,,,,,,,,,,,,
,,,,,,,,,,,,
,,,,,,,,,,,,
,,,,,,,,,,,,
,,,,,,,,,,,,
,,,,,,,,,,,,
,,,,,,,,,,,,
,,,,,,,,,,,,
,,,,,,,,,,,,
,,,,,,,,,,,,
,,,,,,,,,,,,
,,,,,,,,,,,,
,,,,,,,,,,,,
,,,,,,,,,,,,
,,,,,,,,,,,,
,,,,,,,,,,,,
,,,,,,,,,,,,
,,,,,,,,,,,,
,,,,,,,,,,,,
,,,,,,,,,,,,
,,,,,,,,,,,,
,,,,,,,,,,,,
,,,,,,,,,,,,
,,,,,,,,,,,,
,,,,,,,,,,,,
,,,,,,,,,,,,
,,,,,,,,,,,,
,,,,,,,,,,,,
,,,,,,,,,,,,
,,,,,,,,,,,,
,,,,,,,,,,,,
,,,,,,,,,,,,
,,,,,,,,,,,,
,,,,,,,,,,,,
,,,,,,,,,,,,
,,,,,,,,,,,,
,,,,,,,,,,,,
,,,,,,,,,,,,
,,,,,,,,,,,,
,,,,,,,,,,,,
,,,,,,,,,,,,
,,,,,,,,,,,,
,,,,,,,,,,,,
,,,,,,,,,,,,
,,,,,,,,,,,,
,,,,,,,,,,,,
,,,,,,,,,,,,
,,,,,,,,,,,,
,,,,,,,,,,,,
,,,,,,,,,,,,
,,,,,,,,,,,,
2024-03-14,59.00,59.20,58.70,59.10,0.20,0.34,"40,502",,,,,
2024-03-13,59.10,59.30,58.90,58.90,-0.20,-0.34,"42,045",,,,,
2024-03-12,59.20,59.20,58.80,59.10,0.20,0.34,"17,237",,,,,
2024-03-11,59.00,59.20,58.90,58.90,-0.10,-0.17,"23,028",,,,,
2024-03-10,59.10,59.10,58.90,59.00,0.00,0.00,"25,728",,,,,
2024-03-07,59.10,59.30,58.90,59.00,0.10,0.17,"25,007",,,,,
2024-03-06,59.20,59.30,58.80,58.90,-0.20,-0.34,"41,090",,,,,
2024-03-05,59.30,59.30,58.90,59.10,0.20,0.34,"20,029",,,,,
2024-03-04,59.20,59.50,58.70,58.90,-0.30,-0.51,"53,212",,,,,
2024-03-03,59.20,59.90,58.90,59.20,-0.30,-0.50,"41,137",,,,,
2024-02-29,60.00,60.00,59.50,59.50,-0.50,-0.83,"59,129",,,,,
2024-02-28,58.80,60.90,58.70,60.00,1.30,2.21,"166,582",,,,,
2024-02-27,58.80,59.00,58.50,58.70,0.10,0.17,"35,764",,,,,
2024-02-26,59.00,59.10,58.60,58.60,-0.40,-0.68,"66,092",,,,,
2024-02-25,58.80,59.00,58.30,59.00,0.30,0.51,"133,776",,,,,
2024-02-21,58.80,59.00,58.70,58.70,-0.10,-0.17,"40,949",,,,,
2024-02-20,59.10,59.30,58.80,58.80,-0.30,-0.51,"39,118",,,,,
2024-02-19,59.00,59.30,58.80,59.10,-0.10,-0.17,"53,861",,,,,
2024-02-18,59.00,59.50,58.90,59.20,0.20,0.34,"66,090",,,,,
2024-02-15,59.10,59.60,58.80,59.00,0.10,0.17,"67,245",,,,,
2024-02-14,58.80,59.10,58.80,58.90,0.10,0.17,"29,419",,,,,
2024-02-13,58.20,58.80,58.10,58.80,0.60,1.03,"30,672",,,,,
2024-02-12,59.20,59.30,57.70,58.20,-1.00,-1.69,"81,629",,,,,
2024-02-11,59.90,60.00,59.00,59.20,-0.60,-1.00,"45,127",,,,,
2024-02-08,60.50,60.60,59.50,59.80,-0.60,-0.99,"38,625",,,,,
2024-02-07,60.00,60.50,60.00,60.40,0.40,0.67,"38,389",,,,,
2024-02-06,59.30,60.00,59.30,60.00,0.70,1.18,"28,974",,,,,
2024-02-05,59.20,60.00,59.10,59.30,0.20,0.34,"37,288",,,,,
2024-02-04,59.10,59.30,58.80,59.10,0.30,0.51,"27,313",,,,,
2024-02-01,59.30,59.30,58.70,58.80,-0.20,-0.34,"66,326",,,,,
2024-01-31,59.00,59.40,59.00,59.00,0.00,0.00,"36,517",,,,,
2024-01-30,59.90,59.90,59.00,59.00,-0.70,-1.17,"81,774",,,,,
2024-01-29,60.30,60.30,59.50,59.70,-0.30,-0.50,"58,697",,,,,
2024-01-28,60.40,60.60,59.70,60.00,-0.40,-0.66,"122,037",,,,,
2024-01-25,60.50,60.80,59.90,60.40,-0.10,-0.17,"113,464",,,,,
2024-01-24,60.40,60.50,60.00,60.50,0.10,0.17,"51,610",,,,,
2024-01-23,60.90,61.00,60.00,60.40,-0.50,-0.82,"75,361",,,,,
2024-01-22,60.80,61.00,60.50,60.90,0.10,0.16,"30,183",,,,,
2024-01-21,61.40,61.40,60.40,60.80,-0.40,-0.65,"63,327",,,,,
2024-01-18,61.80,62.00,60.90,61.20,-0.60,-0.97,"28,894",,,,,
2024-01-17,61.10,61.90,61.00,61.80,0.70,1.15,"27,834",,,,,
2024-01-16,61.30,61.30,60.90,61.10,-0.30,-0.49,"33,533",,,,,
2024-01-15,62.00,62.20,61.00,61.40,-0.60,-0.97,"49,811",,,,,
2024-01-14,63.00,63.00,61.50,62.00,-0.90,-1.43,"86,599",,,,,
2024-01-11,63.20,63.20,62.80,62.90,-0.30,-0.47,"30,624",,,,,
2024-01-10,63.00,63.20,62.80,63.20,0.00,0.00,"21,890",,,,,
2024-01-09,62.90,63.50,62.60,63.20,-0.30,-0.47,"44,654",,,,,
2024-01-08,63.60,63.60,62.90,63.50,0.00,0.00,"37,368",,,,,
2024-01-07,63.00,64.00,62.80,63.50,0.50,0.79,"55,394",,,,,
2024-01-04,62.50,63.30,62.30,63.00,0.10,0.16,"37,301",,,,,
2024-01-03,63.30,63.80,62.60,62.90,-0.40,-0.63,"152,179",,,,,
2024-01-02,63.80,63.80,63.10,63.30,-0.50,-0.78,"72,339",,,,,
2024-01-01,63.90,64.00,63.20,63.80,0.10,0.16,"80,479",,,,,
2023-12-31,63.80,63.90,63.60,63.70,0.00,0.00,"33,497",,,,,
2023-12-28,63.50,63.80,63.20,63.70,0.20,0.31,"41,753",,,,,
2023-12-27,64.00,64.00,63.30,63.50,-0.40,-0.63,"41,225",,,,,
2023-12-26,63.10,63.90,63.00,63.90,0.80,1.27,"105,680",,,,,
2023-12-25,63.10,63.20,62.90,63.10,0.00,0.00,"33,753",,,,,
2023-12-24,63.20,63.20,62.90,63.10,-0.10,-0.16,"44,714",,,,,
2023-12-21,63.20,63.20,62.70,63.20,0.20,0.32,"29,215",,,,,
2023-12-20,63.20,63.20,63.00,63.00,-0.10,-0.16,"10,535",,,,,
2023-12-19,63.20,63.30,63.00,63.10,0.00,0.00,"35,161",,,,,
2023-12-18,63.30,63.30,63.00,63.10,-0.20,-0.32,"20,492",,,,,
2023-12-17,63.20,63.30,62.70,63.30,0.30,0.48,"32,420",,,,,
2023-12-14,63.10,63.30,62.90,63.00,0.00,0.00,"24,656",,,,,
2023-12-13,63.00,63.10,62.80,63.00,0.00,0.00,"11,485",,,,,
2023-12-12,63.10,63.40,62.80,63.00,-0.10,-0.16,"26,594",,,,,
2023-12-11,63.00,63.20,62.70,63.10,-0.20,-0.32,"25,278",,,,,
2023-12-10,63.10,63.40,63.10,63.30,0.20,0.32,"12,268",,,,,
2023-12-07,63.30,63.40,63.00,63.10,-0.20,-0.32,"18,079",,,,,
2023-12-06,63.20,63.30,63.00,63.30,0.20,0.32,"21,968",,,,,
2023-12-05,63.50,63.50,63.00,63.10,-0.30,-0.47,"27,539",,,,,
2023-12-04,63.10,63.50,63.00,63.40,0.10,0.16,"26,060",,,,,
2023-12-03,63.00,63.50,63.00,63.30,-0.50,-0.78,"37,576",,,,,
2023-11-30,63.90,64.20,63.60,63.80,0.50,0.79,"40,279",,,,,
2023-11-29,64.40,64.60,63.10,63.30,-0.90,-1.40,"105,575",,,,,
2023-11-28,64.40,64.50,64.10,64.20,0.00,0.00,"51,686",,,,,
2023-11-27,64.50,64.60,64.20,64.20,0.40,0.63,"84,095",,,,,
2023-11-26,63.90,64.00,63.50,63.80,-0.10,-0.16,"12,765",,,,,
2023-11-23,63.60,64.00,63.30,63.90,0.30,0.47,"11,974",,,,,
2023-11-22,64.00,64.00,63.30,63.60,-0.40,-0.63,"8,330",,,,,
2023-11-21,64.20,64.20,63.50,64.00,-0.20,-0.31,"16,376",,,,,
2023-11-20,64.40,64.50,63.90,64.20,-0.10,-0.16,"94,648",,,,,
2023-11-19,63.00,64.60,62.90,64.30,1.30,2.06,"47,949",,,,,
2023-11-16,62.80,63.00,62.60,63.00,0.20,0.32,"18,605",,,,,
2023-11-15,62.40,62.80,62.40,62.80,0.40,0.64,"14,094",,,,,
2023-11-14,62.30,62.50,62.10,62.40,-0.10,-0.16,"10,105",,,,,
2023-11-13,62.40,62.50,62.20,62.50,0.10,0.16,"19,429",,,,,
2023-11-12,62.10,62.40,62.10,62.40,0.20,0.32,"8,272",,,,,
2023-11-09,62.30,62.30,61.90,62.20,-0.10,-0.16,"22,163",,,,,
2023-11-08,62.60,62.60,61.80,62.30,-0.30,-0.48,"32,238",,,,,
2023-11-07,62.60,63.00,62.10,62.60,0.00,0.00,"28,478",,,,,
2023-11-06,62.40,63.00,61.70,62.60,0.70,1.13,"29,899",,,,,
2023-11-05,63.00,63.00,61.80,61.90,-1.10,-1.75,"57,606",,,,,
2023-11-02,63.00,63.00,62.30,63.00,0.30,0.48,"35,494",,,,,
2023-11-01,63.00,63.00,62.50,62.70,-0.10,-0.16,"12,263",,,,,
2023-10-31,62.90,63.00,62.30,62.80,-0.10,-0.16,"23,891",,,,,
2023-10-30,63.70,63.70,62.50,62.90,0.40,0.64,"16,576",,,,,
2023-10-29,62.10,62.50,62.00,62.50,0.40,0.64,"8,750",,,,,
2023-10-26,62.50,62.50,62.00,62.10,-0.30,-0.48,"8,877",,,,,
,,,,,,,,,,,,
,,,,,,,,,,,,
,,,,,,,,,,,,
,,,,,,,,,,,,
,,,,,,,,,,,,
,,,,,,,,,,,,
,,,,,,,,,,,,
,,,,,,,,,,,,
,,,,,,,,,,,,
,,,,,,,,,,,,
,,,,,,,,,,,,
,,,,,,,,,,,,
,,,,,,,,,,,,
,,,,,,,,,,,,
,,,,,,,,,,,,
,,,,,,,,,,,,
,,,,,,,,,,,,
,,,,,,,,,,,,
,,,,,,,,,,,,
,,,,,,,,,,,,
,,,,,,,,,,,,
,,,,,,,,,,,,
,,,,,,,,,,,,
,,,,,,,,,,,,
,,,,,,,,,,,,
,,,,,,,,,,,,
,,,,,,,,,,,,
,,,,,,,,,,,,
,,,,,,,,,,,,
,,,,,,,,,,,,
,,,,,,,,,,,,
,,,,,,,,,,,,
,,,,,,,,,,,,
,,,,,,,,,,,,
,,,,,,,,,,,,
,,,,,,,,,,,,
,,,,,,,,,,,,
,,,,,,,,,,,,
,,,,,,,,,,,,
,,,,,,,,,,,,
,,,,,,,,,,,,
,,,,,,,,,,,,
,,,,,,,,,,,,
,,,,,,,,,,,,
,,,,,,,,,,,,
,,,,,,,,,,,,
,,,,,,,,,,,,
,,,,,,,,,,,,
,,,,,,,,,,,,
,,,,,,,,,,,,
,,,,,,,,,,,,
,,,,,,,,,,,,
,,,,,,,,,,,,
,,,,,,,,,,,,
,,,,,,,,,,,,
,,,,,,,,,,,,
,,,,,,,,,,,,
,,,,,,,,,,,,
,,,,,,,,,,,,
,,,,,,,,,,,,
,,,,,,,,,,,,
,,,,,,,,,,,,
,,,,,,,,,,,,
,,,,,,,,,,,,
,,,,,,,,,,,,
,,,,,,,,,,,,
,,,,,,,,,,,,
,,,,,,,,,,,,
,,,,,,,,,,,,
,,,,,,,,,,,,
,,,,,,,,,,,,
,,,,,,,,,,,,
,,,,,,,,,,,,
,,,,,,,,,,,,
,,,,,,,,,,,,
,,,,,,,,,,,,
,,,,,,,,,,,,
,,,,,,,,,,,,
,,,,,,,,,,,,
,,,,,,,,,,,,
,,,,,,,,,,,,
,,,,,,,,,,,,
,,,,,,,,,,,,
,,,,,,,,,,,,
,,,,,,,,,,,,
,,,,,,,,,,,,
,,,,,,,,,,,,
,,,,,,,,,,,,
,,,,,,,,,,,,
,,,,,,,,,,,,
,,,,,,,,,,,,
,,,,,,,,,,,,
,,,,,,,,,,,,
,,,,,,,,,,,,
,,,,,,,,,,,,
,,,,,,,,,,,,
,,,,,,,,,,,,
,,,,,,,,,,,,
,,,,,,,,,,,,
,,,,,,,,,,,,
2023-10-25,61.50,62.40,61.00,62.40,1.40,2.30,"17,270",,,,,
2023-10-24,60.10,61.50,60.00,61.00,1.00,1.67,"18,563",,,,,
2023-10-23,62.80,62.80,60.00,60.00,-2.80,-4.46,"32,604",,,,,
2023-10-22,62.80,62.80,62.40,62.80,0.00,0.00,"4,967",,,,,
2023-10-19,62.00,62.80,61.40,62.80,1.30,2.11,"21,180",,,,,
2023-10-18,62.60,62.90,61.50,61.50,-0.90,-1.44,"28,050",,,,,
2023-10-17,62.30,62.80,62.20,62.40,0.10,0.16,"20,093",,,,,
2023-10-16,62.60,63.00,62.20,62.30,-0.30,-0.48,"24,619",,,,,
2023-10-15,62.80,62.80,62.00,62.60,0.50,0.81,"11,255",,,,,
2023-10-12,63.60,63.60,61.90,62.10,-0.90,-1.43,"36,494",,,,,
2023-10-11,64.00,64.40,63.00,63.00,-1.00,-1.56,"35,814",,,,,
2023-10-10,64.30,64.80,63.70,64.00,0.00,0.00,"27,708",,,,,
2023-10-09,62.90,64.60,62.50,64.00,1.10,1.75,"41,950",,,,,
2023-10-08,62.50,63.00,62.00,62.90,0.60,0.96,"21,447",,,,,
2023-10-05,63.90,63.90,62.10,62.30,-0.90,-1.42,"31,486",,,,,
2023-10-04,64.50,64.50,63.00,63.20,-0.70,-1.10,"25,378",,,,,
2023-10-03,64.90,64.90,63.90,63.90,-0.40,-0.62,"13,111",,,,,
2023-10-02,64.30,64.90,64.20,64.30,0.00,0.00,"17,622",,,,,
2023-10-01,64.90,64.90,64.00,64.30,0.20,0.31,"17,976",,,,,
2023-09-28,64.90,65.00,64.10,64.10,-0.10,-0.16,"18,848",,,,,
2023-09-27,64.10,64.40,64.00,64.20,0.20,0.31,"19,450",,,,,
2023-09-26,64.40,64.60,63.80,64.00,-0.40,-0.62,"25,679",,,,,
2023-09-25,65.90,65.90,64.40,64.40,-0.80,-1.23,"25,003",,,,,
2023-09-21,65.50,65.60,65.20,65.20,-0.10,-0.15,"12,936",,,,,
2023-09-20,65.90,65.90,65.20,65.30,-0.40,-0.61,"11,752",,,,,
2023-09-19,66.00,66.00,65.60,65.70,-0.30,-0.45,"11,217",,,,,
2023-09-18,66.00,66.10,65.50,66.00,0.00,0.00,"23,353",,,,,
2023-09-17,65.50,66.10,65.50,66.00,0.50,0.76,"13,590",,,,,
2023-09-14,65.30,66.00,65.20,65.50,0.10,0.15,"21,650",,,,,
2023-09-13,65.60,65.60,64.70,65.40,0.20,0.31,"10,640",,,,,
2023-09-12,66.00,66.00,65.00,65.20,-0.20,-0.31,"16,253",,,,,
2023-09-11,65.00,66.00,64.50,65.40,1.10,1.71,"16,243",,,,,
2023-09-10,63.90,64.60,63.90,64.30,0.40,0.63,"15,325",,,,,
2023-09-07,64.90,65.00,63.90,63.90,-0.90,-1.39,"39,292",,,,,
2023-09-06,65.80,65.80,64.80,64.80,-1.00,-1.52,"40,925",,,,,
2023-09-05,66.00,66.50,65.80,65.80,-1.00,-1.50,"48,082",,,,,
2023-09-04,67.50,67.50,66.80,66.80,-0.30,-0.45,"18,207",,,,,
2023-09-03,67.20,67.20,66.80,67.10,0.30,0.45,"12,082",,,,,
2023-08-31,67.00,67.50,66.80,66.80,-0.30,-0.45,"31,916",,,,,
2023-08-30,67.40,67.60,67.00,67.10,-0.20,-0.30,"22,245",,,,,
2023-08-29,67.20,67.60,66.80,67.30,-0.50,-0.74,"45,223",,,,,
2023-08-28,67.90,68.00,67.50,67.80,0.40,0.59,"44,261",,,,,
2023-08-27,67.40,67.60,66.70,67.40,0.40,0.60,"43,025",,,,,
2023-08-24,67.90,67.90,66.40,67.00,-0.40,-0.59,"83,067",,,,,
2023-08-23,68.40,69.00,67.10,67.40,-0.70,-1.03,"105,168",,,,,
2023-08-22,68.10,68.50,68.00,68.10,-0.70,-1.02,"10,698",,,,,
2023-08-21,68.60,69.00,68.00,68.80,0.20,0.29,"45,127",,,,,
2023-08-20,69.00,69.00,68.20,68.60,-0.40,-0.58,"11,697",,,,,
2023-08-17,68.00,69.00,67.90,69.00,1.10,1.62,"31,985",,,,,
2023-08-16,68.90,69.00,67.40,67.90,-1.00,-1.45,"36,969",,,,,
2023-08-15,69.40,69.40,68.80,68.90,-0.50,-0.72,"14,419",,,,,
2023-08-14,69.40,69.50,69.00,69.40,0.00,0.00,"20,445",,,,,
2023-08-13,69.80,69.80,69.10,69.40,0.40,0.58,"13,137",,,,,
2023-08-10,68.50,69.00,68.50,69.00,0.00,0.00,"14,049",,,,,
2023-08-09,69.00,69.60,68.40,69.00,0.00,0.00,"29,266",,,,,
2023-08-08,69.00,69.00,68.60,69.00,0.10,0.15,"22,874",,,,,
2023-08-07,68.50,68.90,68.20,68.90,0.70,1.03,"24,245",,,,,
2023-08-06,68.80,69.00,68.00,68.20,0.10,0.15,"8,583",,,,,
2023-08-03,69.00,69.00,68.10,68.10,-0.70,-1.02,"21,997",,,,,
2023-08-02,68.90,69.00,68.20,68.80,-0.10,-0.15,"19,601",,,,,
2023-08-01,69.00,69.60,67.60,68.90,-0.10,-0.14,"37,386",,,,,
2023-07-31,69.90,69.90,69.00,69.00,-0.90,-1.29,"39,248",,,,,
2023-07-30,69.50,69.90,69.30,69.90,0.40,0.58,"14,666",,,,,
2023-07-27,69.80,70.00,69.10,69.50,0.00,0.00,"18,490",,,,,
2023-07-26,68.50,69.90,68.50,69.50,1.20,1.76,"27,459",,,,,
2023-07-25,69.40,69.70,68.10,68.30,-1.10,-1.59,"38,594",,,,,
2023-07-24,69.40,69.90,69.20,69.40,0.00,0.00,"27,907",,,,,
2023-07-23,69.90,70.40,69.30,69.40,-0.50,-0.72,"36,960",,,,,
2023-07-20,70.60,70.60,69.80,69.90,-0.70,-0.99,"13,761",,,,,
2023-07-19,69.60,70.70,69.50,70.60,1.10,1.58,"21,283",,,,,
2023-07-18,70.50,70.50,69.50,69.50,-1.00,-1.42,"28,782",,,,,
2023-07-17,70.40,70.90,70.10,70.50,0.00,0.00,"34,096",,,,,
2023-07-16,70.40,72.40,70.00,70.50,0.20,0.28,"122,843",,,,,
2023-07-13,71.60,71.60,70.20,70.30,-0.90,-1.26,"65,211",,,,,
2023-07-12,72.90,72.90,71.20,71.20,-1.70,-2.33,"80,887",,,,,
2023-07-11,71.40,72.90,71.40,72.90,1.10,1.53,"26,541",,,,,
2023-07-10,72.00,72.90,71.80,71.80,-1.20,-1.64,"71,754",,,,,
2023-07-09,73.30,73.30,72.70,73.00,-0.30,-0.41,"6,903",,,,,
2023-07-06,72.30,73.30,72.20,73.30,0.80,1.10,"38,505",,,,,
2023-07-05,72.80,72.90,72.00,72.50,-0.30,-0.41,"19,373",,,,,
2023-07-04,71.60,72.90,71.60,72.80,1.20,1.68,"23,744",,,,,
2023-07-03,72.50,72.70,71.60,71.60,-1.10,-1.51,"32,244",,,,,
2023-07-02,73.00,74.00,72.60,72.70,-0.30,-0.41,"16,764",,,,,
2023-06-22,73.30,74.80,73.00,73.00,-0.30,-0.41,"44,496",,,,,
2023-06-21,72.80,73.30,72.30,73.30,1.10,1.52,"27,929",,,,,
2023-06-20,72.80,72.80,72.00,72.20,-0.60,-0.82,"23,585",,,,,
2023-06-19,73.00,73.40,72.70,72.80,-0.20,-0.27,"49,565",,,,,
2023-06-18,72.50,73.00,72.00,73.00,1.50,2.10,"47,661",,,,,
2023-06-15,72.60,72.90,71.50,71.50,-1.00,-1.38,"35,247",,,,,
2023-06-14,72.00,73.50,72.00,72.50,0.50,0.69,"53,840",,,,,
2023-06-13,72.00,72.50,72.00,72.00,0.00,0.00,"44,271",,,,,
2023-06-12,71.40,72.60,71.40,72.00,0.60,0.84,"113,226",,,,,
2023-06-11,71.20,71.40,71.00,71.40,0.40,0.56,"41,481",,,,,
2023-06-08,71.30,71.30,71.00,71.00,0.10,0.14,"19,789",,,,,
2023-06-07,70.90,71.60,70.90,70.90,0.10,0.14,"17,465",,,,,
2023-06-06,72.00,72.00,70.80,70.80,-1.20,-1.67,"50,819",,,,,
2023-06-05,70.60,72.10,70.60,72.00,1.00,1.41,"29,466",,,,,
2023-06-04,71.00,71.50,70.80,71.00,0.80,1.14,"28,745",,,,,
2023-06-01,73.60,73.60,70.20,70.20,-3.20,-4.36,"185,828",,,,,
2023-05-31,72.00,75.00,72.00,73.40,1.90,2.66,"199,260",,,,,
,,,,,,,,,,,,
,,,,,,,,,,,,
,,,,,,,,,,,,
,,,,,,,,,,,,
,,,,,,,,,,,,
,,,,,,,,,,,,
,,,,,,,,,,,,
,,,,,,,,,,,,
,,,,,,,,,,,,
,,,,,,,,,,,,
,,,,,,,,,,,,
,,,,,,,,,,,,
,,,,,,,,,,,,
,,,,,,,,,,,,
,,,,,,,,,,,,
,,,,,,,,,,,,
,,,,,,,,,,,,
,,,,,,,,,,,,
,,,,,,,,,,,,
,,,,,,,,,,,,
,,,,,,,,,,,,
,,,,,,,,,,,,
,,,,,,,,,,,,
,,,,,,,,,,,,
,,,,,,,,,,,,
,,,,,,,,,,,,
,,,,,,,,,,,,
,,,,,,,,,,,,
,,,,,,,,,,,,
,,,,,,,,,,,,
,,,,,,,,,,,,
,,,,,,,,,,,,
,,,,,,,,,,,,
,,,,,,,,,,,,
,,,,,,,,,,,,
,,,,,,,,,,,,
,,,,,,,,,,,,
,,,,,,,,,,,,
,,,,,,,,,,,,
,,,,,,,,,,,,
,,,,,,,,,,,,
,,,,,,,,,,,,
,,,,,,,,,,,,
,,,,,,,,,,,,
,,,,,,,,,,,,
,,,,,,,,,,,,
,,,,,,,,,,,,
,,,,,,,,,,,,
,,,,,,,,,,,,
,,,,,,,,,,,,
,,,,,,,,,,,,
,,,,,,,,,,,,
,,,,,,,,,,,,
,,,,,,,,,,,,
,,,,,,,,,,,,
,,,,,,,,,,,,
,,,,,,,,,,,,
,,,,,,,,,,,,
,,,,,,,,,,,,
,,,,,,,,,,,,
,,,,,,,,,,,,
,,,,,,,,,,,,
,,,,,,,,,,,,
,,,,,,,,,,,,
,,,,,,,,,,,,
,,,,,,,,,,,,
,,,,,,,,,,,,
,,,,,,,,,,,,
,,,,,,,,,,,,
,,,,,,,,,,,,
,,,,,,,,,,,,
,,,,,,,,,,,,
,,,,,,,,,,,,
,,,,,,,,,,,,
,,,,,,,,,,,,
,,,,,,,,,,,,
,,,,,,,,,,,,
,,,,,,,,,,,,
,,,,,,,,,,,,
,,,,,,,,,,,,
,,,,,,,,,,,,
,,,,,,,,,,,,
,,,,,,,,,,,,
,,,,,,,,,,,,
,,,,,,,,,,,,
,,,,,,,,,,,,
,,,,,,,,,,,,
,,,,,,,,,,,,
,,,,,,,,,,,,
,,,,,,,,,,,,
,,,,,,,,,,,,
,,,,,,,,,,,,
,,,,,,,,,,,,
,,,,,,,,,,,,
,,,,,,,,,,,,
,,,,,,,,,,,,
,,,,,,,,,,,,
,,,,,,,,,,,,
,,,,,,,,,,,,
,,,,,,,,,,,,
2023-05-30,71.70,71.80,71.30,71.50,-0.20,-0.28,"34,464",,,,,
2023-05-29,72.10,72.20,71.00,71.70,-0.80,-1.10,"45,974",,,,,
2023-05-28,73.00,74.00,71.00,72.50,0.10,0.14,"150,213",,,,,
2023-05-25,69.00,74.20,68.90,72.40,3.70,5.39,"325,090",,,,,
2023-05-24,68.80,68.80,68.60,68.70,-0.30,-0.43,"24,439",,,,,
2023-05-23,68.30,69.00,68.10,69.00,1.10,1.62,"74,234",,,,,
2023-05-22,67.30,68.00,66.80,67.90,0.60,0.89,"502,961",,,,,
2023-05-21,67.70,67.70,67.10,67.30,-0.50,-0.74,"26,042",,,,,
2023-05-18,67.60,67.80,67.40,67.80,0.10,0.15,"19,809",,,,,
2023-05-17,67.50,67.70,67.40,67.70,0.30,0.45,"19,750",,,,,
2023-05-16,68.00,68.00,67.40,67.40,-0.30,-0.44,"26,408",,,,,
2023-05-15,68.20,68.70,67.70,67.70,-0.30,-0.44,"21,827",,,,,
2023-05-14,68.90,68.90,67.90,68.00,-0.40,-0.58,"17,194",,,,,
2023-05-11,67.90,68.40,67.80,68.40,0.70,1.03,"23,529",,,,,
2023-05-10,67.70,68.10,67.40,67.70,-0.30,-0.44,"24,930",,,,,
2023-05-09,68.60,68.80,68.00,68.00,-0.60,-0.87,"42,917",,,,,
2023-05-08,69.00,69.30,68.40,68.60,-0.70,-1.01,"31,040",,,,,
2023-05-07,68.40,69.40,68.40,69.30,0.50,0.73,"25,010",,,,,
2023-05-04,69.00,69.30,68.70,68.80,-0.10,-0.15,"47,671",,,,,
2023-05-03,70.90,70.90,68.90,68.90,-1.10,-1.57,"52,177",,,,,
2023-05-02,69.60,70.50,69.60,70.00,0.20,0.29,"51,153",,,,,
2023-05-01,70.10,71.20,69.50,69.80,-0.10,-0.14,"77,326",,,,,
2023-04-30,68.70,70.00,68.70,69.90,1.10,1.60,"71,687",,,,,
2023-04-27,68.60,68.90,68.50,68.80,0.10,0.15,"24,973",,,,,
2023-04-26,68.50,68.70,68.30,68.70,0.30,0.44,"40,295",,,,,
2023-04-25,68.20,68.40,68.10,68.40,0.20,0.29,"39,186",,,,,
2023-04-17,68.40,68.70,68.20,68.20,-0.20,-0.29,"30,824",,,,,
2023-04-16,68.80,68.80,68.20,68.40,-0.20,-0.29,"19,898",,,,,
2023-04-13,68.60,68.80,68.60,68.60,0.00,0.00,"16,357",,,,,
2023-04-12,68.70,68.70,68.20,68.60,-0.10,-0.15,"36,593",,,,,
2023-04-11,68.20,68.80,68.10,68.70,0.00,0.00,"34,675",,,,,
2023-04-10,69.50,69.50,68.30,68.70,-0.10,-0.15,"52,694",,,,,
2023-04-09,68.70,69.70,68.70,68.80,0.10,0.15,"245,630",,,,,
2023-04-06,68.70,68.70,68.50,68.70,0.10,0.15,"95,350",,,,,
2023-04-05,69.00,69.00,68.40,68.60,-0.20,-0.29,"49,651",,,,,
2023-04-04,68.40,68.80,68.20,68.80,0.60,0.88,"92,670",,,,,
2023-04-03,67.90,68.30,67.90,68.20,0.30,0.44,"28,915",,,,,
2023-04-02,67.80,67.90,67.60,67.90,0.60,0.89,"31,464",,,,,
2023-03-30,67.50,67.50,67.10,67.30,0.30,0.45,"24,601",,,,,
2023-03-29,66.80,67.10,66.80,67.00,0.30,0.45,"77,249",,,,,
2023-03-28,66.70,66.70,66.50,66.70,0.30,0.45,"18,524",,,,,
2023-03-27,66.50,66.60,66.40,66.40,0.20,0.30,"30,408",,,,,
2023-03-26,66.00,66.30,65.80,66.20,0.00,0.00,"31,481",,,,,
2023-03-23,66.00,66.20,66.00,66.20,0.20,0.30,"74,743",,,,,
2023-03-22,66.00,66.00,65.90,66.00,-0.10,-0.15,"12,819",,,,,
2023-03-21,66.10,66.50,66.10,66.10,0.30,0.46,"11,137",,,,,
2023-03-20,65.70,66.50,65.70,65.80,0.30,0.46,"15,409",,,,,
2023-03-19,65.10,65.60,65.10,65.50,-0.20,-0.30,"18,515",,,,,
2023-03-16,66.10,66.10,65.30,65.70,-0.30,-0.45,"19,298",,,,,
2023-03-15,66.10,66.20,66.00,66.00,-0.10,-0.15,"22,330",,,,,
2023-03-14,66.90,66.90,66.10,66.10,-0.90,-1.34,"39,488",,,,,
2023-03-13,67.20,67.60,66.90,67.00,-0.30,-0.45,"33,627",,,,,
2023-03-12,67.30,67.60,67.20,67.30,0.10,0.15,"14,410",,,,,
2023-03-09,67.00,67.30,67.00,67.20,0.20,0.30,"10,486",,,,,
2023-03-08,67.10,67.30,67.00,67.00,0.00,0.00,"20,161",,,,,
2023-03-07,68.70,68.70,66.80,67.00,-1.40,-2.05,"49,694",,,,,
2023-03-06,68.80,69.00,68.00,68.40,-0.40,-0.58,"37,729",,,,,
2023-03-05,68.00,68.80,68.00,68.80,1.00,1.47,"24,487",,,,,
2023-03-02,67.50,67.80,67.10,67.80,0.30,0.44,"18,559",,,,,
2023-03-01,67.40,67.80,67.30,67.50,0.00,0.00,"19,053",,,,,
2023-02-28,68.50,68.90,67.20,67.50,-0.70,-1.03,"33,433",,,,,
2023-02-27,67.50,68.50,67.00,68.20,0.70,1.04,"35,815",,,,,
2023-02-26,67.00,69.30,67.00,67.50,0.30,0.45,"70,155",,,,,
2023-02-23,66.50,67.20,66.20,67.20,0.50,0.75,"23,768",,,,,
2023-02-21,66.70,66.70,66.70,66.70,0.00,0.00,"12,212",,,,,
2023-02-20,67.20,67.40,66.70,66.70,-0.10,-0.15,"33,622",,,,,
2023-02-19,66.90,67.00,66.70,66.80,-0.10,-0.15,"14,731",,,,,
2023-02-16,67.40,67.40,66.90,66.90,-0.60,-0.89,"21,913",,,,,
2023-02-15,67.40,68.50,66.90,67.50,0.10,0.15,"49,920",,,,,
2023-02-14,67.00,67.40,67.00,67.40,0.50,0.75,"18,284",,,,,
2023-02-13,66.90,66.90,66.90,66.90,0.00,0.00,"10,676",,,,,
2023-02-12,66.90,67.00,66.60,66.90,0.40,0.60,"21,877",,,,,
2023-02-09,66.70,66.70,66.20,66.50,-0.20,-0.30,"17,241",,,,,
2023-02-08,67.50,67.60,66.40,66.70,-1.40,-2.06,"54,247",,,,,
2023-02-07,68.50,69.30,68.10,68.10,-0.10,-0.15,"56,491",,,,,
2023-02-06,66.20,68.20,66.20,68.20,2.00,3.02,"69,043",,,,,
2023-02-05,66.00,66.20,65.90,66.20,-0.10,-0.15,"19,145",,,,,
2023-02-02,66.50,66.70,66.30,66.30,0.00,0.00,"20,451",,,,,
2023-02-01,66.80,67.00,66.30,66.30,-1.00,-1.49,"33,391",,,,,
2023-01-31,66.90,67.50,66.90,67.30,0.60,0.90,"36,909",,,,,
2023-01-30,67.60,67.70,66.30,66.70,-0.90,-1.33,"42,427",,,,,
2023-01-29,68.00,68.00,67.50,67.60,-0.40,-0.59,"25,690",,,,,
2023-01-26,68.70,68.70,67.90,68.00,-0.80,-1.16,"56,285",,,,,
2023-01-25,69.80,70.00,68.80,68.80,-0.70,-1.01,"51,372",,,,,
2023-01-24,69.40,69.50,68.70,69.50,0.00,0.00,"110,797",,,,,
2023-01-23,70.00,70.60,69.10,69.50,-0.40,-0.57,"87,863",,,,,
2023-01-22,71.10,71.20,69.90,69.90,-1.60,-2.24,"86,484",,,,,
2023-01-19,72.80,72.80,71.00,71.50,-1.80,-2.46,"58,731",,,,,
2023-01-18,76.10,76.20,73.30,73.30,-2.70,-3.55,"101,925",,,,,
2023-01-17,75.30,76.10,75.30,76.00,0.00,0.00,"283,112",,,,,
2023-01-16,75.40,76.50,75.40,76.00,0.80,1.06,"326,156",,,,,
2023-01-15,74.80,75.40,74.80,75.20,0.00,0.00,"36,198",,,,,
2023-01-12,72.80,75.30,72.80,75.20,2.40,3.30,"163,703",,,,,
2023-01-11,72.50,73.00,72.50,72.80,0.30,0.41,"165,330",,,,,
2023-01-10,72.00,72.60,72.00,72.50,0.70,0.97,"167,655",,,,,
2023-01-09,71.20,72.10,71.20,71.80,0.60,0.84,"289,969",,,,,
2023-01-08,71.00,71.40,71.00,71.20,0.10,0.14,"54,909",,,,,
2023-01-05,70.90,71.10,70.90,71.10,0.20,0.28,"75,288",,,,,
2023-01-04,69.70,72.30,69.00,70.90,1.70,2.46,"184,171",,,,,
2023-01-03,65.70,69.60,65.70,69.20,4.00,6.13,"134,103",,,,,
,,,,,,,,,,,,
,,,,,,,,,,,,
,,,,,,,,,,,,
,,,,,,,,,,,,
,,,,,,,,,,,,
,,,,,,,,,,,,
,,,,,,,,,,,,
,,,,,,,,,,,,
,,,,,,,,,,,,
,,,,,,,,,,,,
,,,,,,,,,,,,
,,,,,,,,,,,,
,,,,,,,,,,,,
,,,,,,,,,,,,
,,,,,,,,,,,,
,,,,,,,,,,,,
,,,,,,,,,,,,
,,,,,,,,,,,,
,,,,,,,,,,,,
,,,,,,,,,,,,
,,,,,,,,,,,,
,,,,,,,,,,,,
,,,,,,,,,,,,
,,,,,,,,,,,,
,,,,,,,,,,,,
,,,,,,,,,,,,
,,,,,,,,,,,,
,,,,,,,,,,,,
,,,,,,,,,,,,
,,,,,,,,,,,,
,,,,,,,,,,,,
,,,,,,,,,,,,
,,,,,,,,,,,,
,,,,,,,,,,,,
,,,,,,,,,,,,
,,,,,,,,,,,,
,,,,,,,,,,,,
,,,,,,,,,,,,
,,,,,,,,,,,,
,,,,,,,,,,,,
,,,,,,,,,,,,
,,,,,,,,,,,,
,,,,,,,,,,,,
,,,,,,,,,,,,
,,,,,,,,,,,,
,,,,,,,,,,,,
,,,,,,,,,,,,
,,,,,,,,,,,,
,,,,,,,,,,,,
,,,,,,,,,,,,
,,,,,,,,,,,,
,,,,,,,,,,,,
,,,,,,,,,,,,
,,,,,,,,,,,,
,,,,,,,,,,,,
,,,,,,,,,,,,
,,,,,,,,,,,,
,,,,,,,,,,,,
,,,,,,,,,,,,
,,,,,,,,,,,,
,,,,,,,,,,,,
,,,,,,,,,,,,
,,,,,,,,,,,,
,,,,,,,,,,,,
,,,,,,,,,,,,
,,,,,,,,,,,,
,,,,,,,,,,,,
,,,,,,,,,,,,
,,,,,,,,,,,,
,,,,,,,,,,,,
,,,,,,,,,,,,
,,,,,,,,,,,,
,,,,,,,,,,,,
,,,,,,,,,,,,
,,,,,,,,,,,,
,,,,,,,,,,,,
,,,,,,,,,,,,
,,,,,,,,,,,,
,,,,,,,,,,,,
,,,,,,,,,,,,
,,,,,,,,,,,,
,,,,,,,,,,,,
,,,,,,,,,,,,
,,,,,,,,,,,,
,,,,,,,,,,,,
,,,,,,,,,,,,
,,,,,,,,,,,,
,,,,,,,,,,,,
,,,,,,,,,,,,
,,,,,,,,,,,,
,,,,,,,,,,,,
,,,,,,,,,,,,
,,,,,,,,,,,,
,,,,,,,,,,,,
,,,,,,,,,,,,
,,,,,,,,,,,,
,,,,,,,,,,,,
,,,,,,,,,,,,
,,,,,,,,,,,,
,,,,,,,,,,,,
2023-01-02,63.80,65.20,63.80,65.20,1.60,2.52,"55,459",,,,,
2023-01-01,62.00,63.70,62.00,63.60,2.50,4.09,"61,991",,,,,
2022-12-29,59.90,61.90,59.90,61.10,1.30,2.17,"141,492",,,,,
2022-12-28,57.20,59.80,57.20,59.80,2.80,4.91,"62,684",,,,,
2022-12-27,56.80,57.10,56.50,57.00,0.50,0.88,"27,519",,,,,
2022-12-26,56.50,56.50,56.00,56.50,0.10,0.18,"17,625",,,,,
2022-12-25,56.20,56.50,56.20,56.40,0.40,0.71,"23,398",,,,,
2022-12-22,56.40,56.40,56.00,56.00,-0.40,-0.71,"44,258",,,,,
2022-12-21,56.70,56.70,55.90,56.40,-0.20,-0.35,"55,521",,,,,
2022-12-20,55.70,56.60,55.60,56.60,0.90,1.62,"60,917",,,,,
2022-12-19,57.00,57.20,55.70,55.70,-0.90,-1.59,"120,237",,,,,
2022-12-18,58.90,59.20,56.60,56.60,-1.90,-3.25,"82,354",,,,,
2022-12-15,59.80,59.90,58.50,58.50,-1.30,-2.17,"70,303",,,,,
2022-12-14,59.20,59.80,58.50,59.80,1.10,1.87,"78,303",,,,,
2022-12-13,58.90,59.50,58.40,58.70,0.30,0.51,"75,215",,,,,
2022-12-12,60.10,60.10,58.00,58.40,-1.80,-2.99,"88,136",,,,,
2022-12-11,61.70,61.90,60.00,60.20,-0.30,-0.50,"77,585",,,,,
2022-12-08,60.40,61.00,60.00,60.50,-1.10,-1.79,"55,606",,,,,
2022-12-07,60.80,61.60,60.00,61.60,1.10,1.82,"56,314",,,,,
2022-12-06,61.50,61.50,60.40,60.50,-1.70,-2.73,"59,991",,,,,
2022-12-05,62.10,62.40,61.60,62.20,0.10,0.16,"52,920",,,,,
2022-12-04,63.40,63.40,62.10,62.10,-1.30,-2.05,"39,904",,,,,
2022-12-01,64.00,64.00,63.40,63.40,0.10,0.16,"26,530",,,,,
2022-11-30,63.40,63.70,63.00,63.30,-0.50,-0.78,"30,212",,,,,
2022-11-29,63.80,63.80,63.10,63.80,0.80,1.27,"26,741",,,,,
2022-11-28,62.00,63.00,62.00,63.00,0.70,1.12,"42,100",,,,,
2022-11-27,63.60,63.60,62.10,62.30,-1.50,-2.35,"45,910",,,,,
2022-11-24,65.00,65.00,63.70,63.80,-1.20,-1.85,"44,522",,,,,
2022-11-22,64.10,65.00,64.10,65.00,0.90,1.40,"49,729",,,,,
2022-11-21,65.30,65.30,62.70,64.10,-1.90,-2.88,"89,389",,,,,
2022-11-20,67.40,67.40,65.70,66.00,-0.30,-0.45,"36,859",,,,,
2022-11-17,66.00,66.50,65.70,66.30,0.70,1.07,"66,601",,,,,
2022-11-16,66.10,66.10,65.10,65.60,-0.60,-0.91,"59,618",,,,,
2022-11-15,68.00,68.00,65.20,66.20,-1.80,-2.65,"117,255",,,,,
2022-11-14,70.30,70.30,67.60,68.00,-1.80,-2.58,"90,623",,,,,
2022-11-13,70.20,70.20,69.80,69.80,-0.90,-1.27,"31,294",,,,,
2022-11-10,71.40,71.40,70.50,70.70,-1.00,-1.39,"33,599",,,,,
2022-11-09,72.00,72.00,71.10,71.70,-0.30,-0.42,"28,320",,,,,
2022-11-08,72.50,72.50,71.70,72.00,-0.80,-1.10,"91,446",,,,,
2022-11-07,73.30,73.30,72.80,72.80,-0.20,-0.27,"31,250",,,,,
2022-11-06,72.70,73.00,72.30,73.00,0.60,0.83,"37,007",,,,,
2022-11-03,74.90,75.60,72.40,72.40,-2.60,-3.47,"77,420",,,,,
2022-11-02,76.00,76.00,74.00,75.00,0.90,1.21,"29,332",,,,,
2022-11-01,75.20,75.20,74.00,74.10,-1.30,-1.72,"19,197",,,,,
2022-10-31,75.50,75.50,75.20,75.40,-0.20,-0.26,"7,924",,,,,
2022-10-30,77.10,77.10,75.60,75.60,-1.40,-1.82,"25,035",,,,,
2022-10-27,76.90,77.00,76.50,77.00,0.00,0.00,"33,127",,,,,
2022-10-26,76.60,77.10,75.80,77.00,0.00,0.00,"63,355",,,,,
2022-10-25,76.90,77.10,76.10,77.00,-0.50,-0.65,"108,040",,,,,
2022-10-24,76.50,77.50,76.40,77.50,0.50,0.65,"60,379",,,,,
2022-10-23,77.00,77.50,76.50,77.00,0.10,0.13,"65,899",,,,,
2022-10-20,74.60,77.00,74.10,76.90,1.70,2.26,"168,401",,,,,
2022-10-19,74.80,75.20,74.60,75.20,0.70,0.94,"84,968",,,,,
2022-10-18,74.20,75.00,74.20,74.50,0.50,0.68,"28,401",,,,,
2022-10-17,73.00,74.00,73.00,74.00,1.60,2.21,"52,624",,,,,
2022-10-16,73.30,73.30,72.20,72.40,-0.60,-0.82,"22,280",,,,,
2022-10-13,73.80,74.20,73.00,73.00,-0.20,-0.27,"60,054",,,,,
2022-10-12,75.60,75.60,73.20,73.20,-2.00,-2.66,"37,555",,,,,
2022-10-11,74.00,77.00,74.00,75.20,0.20,0.27,"22,217",,,,,
2022-10-10,76.30,76.50,74.60,75.00,-0.10,-0.13,"31,657",,,,,
2022-10-09,76.20,77.20,75.10,75.10,-1.10,-1.44,"25,049",,,,,
2022-10-06,77.00,77.40,76.20,76.20,-0.80,-1.04,"29,739",,,,,
2022-10-05,76.80,77.40,76.80,77.00,-0.30,-0.39,"43,525",,,,,
2022-10-04,77.00,77.70,76.70,77.30,0.70,0.91,"100,246",,,,,
2022-10-03,76.80,77.10,76.30,76.60,-0.20,-0.26,"31,832",,,,,
2022-10-02,76.20,77.40,76.20,76.80,-0.60,-0.78,"41,941",,,,,
2022-09-29,76.80,77.40,76.00,77.40,1.40,1.84,"54,217",,,,,
2022-09-28,75.10,76.50,74.80,76.00,2.00,2.70,"22,680",,,,,
2022-09-27,72.30,75.10,72.30,74.00,1.40,1.93,"71,897",,,,,
2022-09-26,72.90,73.70,72.60,72.60,-0.20,-0.27,"85,508",,,,,
2022-09-25,71.00,74.20,71.00,72.80,-2.20,-2.93,"68,982",,,,,
2022-09-21,75.90,75.90,74.50,75.00,-0.10,-0.13,"17,435",,,,,
2022-09-20,76.90,76.90,75.10,75.10,-1.70,-2.21,"27,138",,,,,
2022-09-19,74.50,76.80,74.00,76.80,2.30,3.09,"25,650",,,,,
2022-09-18,76.00,76.00,74.10,74.50,-1.50,-1.97,"27,186",,,,,
2022-09-15,76.70,76.70,76.00,76.00,-0.70,-0.91,"33,705",,,,,
2022-09-14,76.70,76.70,75.60,76.70,0.00,0.00,"49,833",,,,,
2022-09-13,77.40,77.40,76.10,76.70,-0.10,-0.13,"45,593",,,,,
2022-09-12,78.50,78.50,76.60,76.80,-1.80,-2.29,"54,956",,,,,
2022-09-11,78.70,79.00,78.60,78.60,-0.70,-0.88,"26,975",,,,,
2022-09-08,79.10,79.30,78.00,79.30,0.20,0.25,"52,929",,,,,
2022-09-07,79.40,79.40,79.10,79.10,-0.40,-0.50,"48,762",,,,,
2022-09-06,79.00,79.50,79.00,79.50,0.20,0.25,"11,544",,,,,
2022-09-05,79.80,79.80,79.30,79.30,-0.30,-0.38,"40,078",,,,,
2022-09-04,79.40,79.70,79.40,79.60,0.60,0.76,"7,277",,,,,
2022-09-01,79.60,80.20,79.00,79.00,-1.20,-1.50,"39,540",,,,,
2022-08-31,80.00,80.20,79.80,80.20,0.20,0.25,"36,825",,,,,
2022-08-30,80.30,80.40,80.00,80.00,-0.40,-0.50,"33,380",,,,,
2022-08-29,79.90,80.40,79.90,80.40,0.20,0.25,"23,678",,,,,
2022-08-28,79.60,80.20,79.50,80.20,0.30,0.38,"25,648",,,,,
2022-08-25,79.80,80.10,79.60,79.90,0.30,0.38,"21,983",,,,,
2022-08-24,79.70,79.70,79.00,79.60,-0.60,-0.75,"50,668",,,,,
2022-08-23,79.50,80.20,79.50,80.20,0.10,0.12,"34,335",,,,,
2022-08-22,80.10,80.10,79.90,80.10,0.00,0.00,"12,441",,,,,
2022-08-21,80.00,80.30,79.90,80.10,-0.10,-0.12,"36,575",,,,,
2022-08-18,80.20,80.20,79.80,80.20,0.40,0.50,"52,308",,,,,
2022-08-17,79.60,80.10,79.60,79.80,0.10,0.13,"31,091",,,,,
2022-08-16,80.00,80.60,79.40,79.70,-2.00,-2.45,"112,351",,,,,
2022-08-15,81.90,82.20,81.70,81.70,-0.20,-0.24,"19,048",,,,,
2022-08-14,82.00,82.20,81.90,81.90,-0.30,-0.36,"18,375",,,,,
,,,,,,,,,,,,
,,,,,,,,,,,,
,,,,,,,,,,,,
,,,,,,,,,,,,
,,,,,,,,,,,,
,,,,,,,,,,,,
,,,,,,,,,,,,
,,,,,,,,,,,,
,,,,,,,,,,,,
,,,,,,,,,,,,
,,,,,,,,,,,,
,,,,,,,,,,,,
,,,,,,,,,,,,
,,,,,,,,,,,,
,,,,,,,,,,,,
,,,,,,,,,,,,
,,,,,,,,,,,,
,,,,,,,,,,,,
,,,,,,,,,,,,
,,,,,,,,,,,,
,,,,,,,,,,,,
,,,,,,,,,,,,
,,,,,,,,,,,,
,,,,,,,,,,,,
,,,,,,,,,,,,
,,,,,,,,,,,,
,,,,,,,,,,,,
,,,,,,,,,,,,
,,,,,,,,,,,,
,,,,,,,,,,,,
,,,,,,,,,,,,
,,,,,,,,,,,,
,,,,,,,,,,,,
,,,,,,,,,,,,
,,,,,,,,,,,,
,,,,,,,,,,,,
,,,,,,,,,,,,
,,,,,,,,,,,,
,,,,,,,,,,,,
,,,,,,,,,,,,
,,,,,,,,,,,,
,,,,,,,,,,,,
,,,,,,,,,,,,
,,,,,,,,,,,,
,,,,,,,,,,,,
,,,,,,,,,,,,
,,,,,,,,,,,,
,,,,,,,,,,,,
,,,,,,,,,,,,
,,,,,,,,,,,,
,,,,,,,,,,,,
,,,,,,,,,,,,
,,,,,,,,,,,,
,,,,,,,,,,,,
,,,,,,,,,,,,
,,,,,,,,,,,,
,,,,,,,,,,,,
,,,,,,,,,,,,
,,,,,,,,,,,,
,,,,,,,,,,,,
,,,,,,,,,,,,
,,,,,,,,,,,,
,,,,,,,,,,,,
,,,,,,,,,,,,
,,,,,,,,,,,,
,,,,,,,,,,,,
,,,,,,,,,,,,
,,,,,,,,,,,,
,,,,,,,,,,,,
,,,,,,,,,,,,
,,,,,,,,,,,,
,,,,,,,,,,,,
,,,,,,,,,,,,
,,,,,,,,,,,,
,,,,,,,,,,,,
,,,,,,,,,,,,
,,,,,,,,,,,,
,,,,,,,,,,,,
,,,,,,,,,,,,
,,,,,,,,,,,,
,,,,,,,,,,,,
,,,,,,,,,,,,
,,,,,,,,,,,,
,,,,,,,,,,,,
,,,,,,,,,,,,
,,,,,,,,,,,,
,,,,,,,,,,,,
,,,,,,,,,,,,
,,,,,,,,,,,,
,,,,,,,,,,,,
,,,,,,,,,,,,
,,,,,,,,,,,,
,,,,,,,,,,,,
,,,,,,,,,,,,
,,,,,,,,,,,,
,,,,,,,,,,,,
,,,,,,,,,,,,
,,,,,,,,,,,,
,,,,,,,,,,,,
,,,,,,,,,,,,
2022-08-11,81.50,82.30,81.50,82.20,0.70,0.86,"50,459",,,,,
2022-08-10,80.50,81.50,80.50,81.50,1.00,1.24,"37,356",,,,,
2022-08-09,80.60,80.90,80.50,80.50,-0.20,-0.25,"13,865",,,,,
2022-08-08,80.00,80.70,79.90,80.70,0.20,0.25,"14,170",,,,,
2022-08-07,80.50,80.50,79.90,80.50,0.40,0.50,"24,602",,,,,
2022-08-04,80.00,80.50,79.90,80.10,-0.40,-0.50,"26,388",,,,,
2022-08-03,80.00,81.00,79.80,80.50,0.50,0.63,"70,551",,,,,
2022-08-02,79.90,80.50,79.60,80.00,0.50,0.63,"59,190",,,,,
2022-08-01,79.30,79.80,79.20,79.50,0.50,0.63,"27,631",,,,,
2022-07-31,78.70,79.10,78.70,79.00,0.40,0.51,"47,888",,,,,
2022-07-28,79.00,79.30,78.50,78.60,0.10,0.13,"51,339",,,,,
2022-07-27,79.10,79.10,78.50,78.50,-0.50,-0.63,"47,512",,,,,
2022-07-26,78.20,79.10,77.80,79.00,0.90,1.15,"48,278",,,,,
2022-07-25,79.60,79.60,78.10,78.10,-0.10,-0.13,"42,913",,,,,
2022-07-24,78.90,79.00,78.20,78.20,-1.50,-1.88,"50,666",,,,,
2022-07-21,79.60,79.70,78.80,79.70,-0.30,-0.38,"33,007",,,,,
2022-07-20,78.90,80.00,78.80,80.00,1.10,1.39,"64,570",,,,,
2022-07-19,77.40,78.90,77.40,78.90,0.00,0.00,"58,192",,,,,
2022-07-18,78.10,78.90,78.10,78.90,-0.30,-0.38,"69,494",,,,,
2022-07-17,79.00,79.30,79.00,79.20,0.20,0.25,"56,397",,,,,
2022-07-14,78.30,79.10,77.70,79.00,1.40,1.80,"65,325",,,,,
2022-07-13,76.50,78.80,76.50,77.60,0.10,0.13,"30,796",,,,,
2022-07-06,77.00,77.50,76.50,77.50,0.20,0.26,"38,075",,,,,
2022-07-05,77.60,77.60,77.00,77.30,-0.40,-0.51,"25,823",,,,,
2022-07-04,78.60,78.70,77.50,77.70,-1.30,-1.65,"22,775",,,,,
2022-07-03,77.60,79.40,77.60,79.00,-0.20,-0.25,"53,616",,,,,
2022-06-30,75.90,79.40,75.90,79.20,3.70,4.90,"89,694",,,,,
2022-06-29,74.20,75.80,74.20,75.50,1.30,1.75,"138,514",,,,,
2022-06-28,73.40,74.20,72.80,74.20,0.60,0.82,"122,315",,,,,
2022-06-27,73.70,74.20,73.60,73.60,-0.20,-0.27,"73,115",,,,,
2022-06-26,73.90,74.90,73.70,73.80,0.10,0.14,"42,911",,,,,
2022-06-23,74.40,74.40,73.10,73.70,-1.30,-1.73,"62,889",,,,,
2022-06-22,78.20,78.20,75.00,75.00,-3.10,-3.97,"82,638",,,,,
2022-06-21,77.10,78.70,77.10,78.10,-0.10,-0.13,"99,215",,,,,
2022-06-20,78.90,78.90,77.70,78.20,-0.70,-0.89,"82,799",,,,,
2022-06-19,79.30,79.30,78.00,78.90,-0.40,-0.50,"108,858",,,,,
2022-06-16,79.50,80.00,79.20,79.30,0.10,0.13,"64,248",,,,,
2022-06-15,79.20,80.10,79.20,79.20,-0.70,-0.88,"50,341",,,,,
2022-06-14,80.70,80.70,79.20,79.90,-1.20,-1.48,"85,846",,,,,
2022-06-13,81.40,82.00,79.40,81.10,-0.30,-0.37,"105,759",,,,,
2022-06-12,82.00,85.50,81.40,81.40,-0.80,-0.97,"251,950",,,,,
2022-06-09,80.30,82.50,80.30,82.20,1.70,2.11,"131,105",,,,,
2022-06-08,80.00,80.50,80.00,80.50,0.00,0.00,"23,960",,,,,
2022-06-07,80.00,80.50,79.60,80.50,0.50,0.63,"67,394",,,,,
2022-06-06,80.00,80.30,79.50,80.00,0.70,0.88,"157,196",,,,,
2022-06-05,80.00,80.20,79.30,79.30,-0.30,-0.38,"70,816",,,,,
2022-06-02,80.00,80.00,79.40,79.60,-0.40,-0.50,"51,367",,,,,
2022-06-01,79.40,80.00,79.30,80.00,0.70,0.88,"73,650",,,,,
2022-05-31,79.30,80.20,79.30,79.30,-0.60,-0.75,"120,452",,,,,
2022-05-30,79.70,80.00,79.50,79.90,0.30,0.38,"98,855",,,,,
2022-05-29,80.10,80.70,79.40,79.60,-0.40,-0.50,"166,835",,,,,
2022-05-26,79.80,81.00,79.80,80.00,0.40,0.50,"227,558",,,,,
2022-05-25,78.50,80.40,78.50,79.60,0.00,0.00,"183,430",,,,,
2022-05-24,79.50,79.60,78.40,79.60,0.10,0.13,"166,781",,,,,
2022-05-23,78.50,80.00,78.50,79.50,0.20,0.25,"215,303",,,,,
2022-05-22,79.10,79.60,78.90,79.30,-0.60,-0.75,"73,318",,,,,
2022-05-19,80.20,80.20,79.00,79.90,-1.20,-1.48,"127,638",,,,,
2022-05-18,80.60,81.80,80.50,81.10,0.10,0.12,"57,347",,,,,
2022-05-17,80.00,81.00,80.00,81.00,-0.10,-0.12,"54,541",,,,,
2022-05-16,82.70,82.90,81.00,81.10,-1.60,-1.93,"56,312",,,,,
2022-05-15,81.60,83.10,80.70,82.70,1.10,1.35,"188,952",,,,,
2022-05-12,80.30,81.60,79.50,81.60,0.50,0.62,"141,964",,,,,
2022-05-11,80.90,81.50,80.70,81.10,0.60,0.75,"114,693",,,,,
2022-05-10,80.00,80.80,79.00,80.50,0.50,0.63,"139,832",,,,,
2022-05-09,80.10,80.50,79.90,80.00,-0.30,-0.37,"86,508",,,,,
2022-05-08,80.50,80.90,80.00,80.30,-0.10,-0.12,"74,678",,,,,
2022-04-28,80.00,81.00,79.30,80.40,-1.60,-1.95,"229,485",,,,,
2022-04-27,83.00,83.00,81.60,82.00,-0.80,-0.97,"28,702",,,,,
2022-04-26,82.00,82.90,81.80,82.80,1.20,1.47,"103,610",,,,,
2022-04-25,80.00,82.10,80.00,81.60,1.60,2.00,"114,669",,,,,
2022-04-24,80.00,80.90,79.60,80.00,0.20,0.25,"226,748",,,,,
2022-04-21,80.80,80.80,79.80,79.80,0.40,0.50,"395,380",,,,,
2022-04-20,79.90,80.10,79.40,79.40,0.30,0.38,"204,604",,,,,
2022-04-19,79.20,80.10,79.10,79.10,0.00,0.00,"323,375",,,,,
2022-04-18,79.40,79.40,78.70,79.10,-0.40,-0.50,"73,143",,,,,
2022-04-17,80.00,80.10,79.30,79.50,-0.20,-0.25,"140,706",,,,,
2022-04-14,80.00,80.00,79.60,79.70,-0.30,-0.38,"55,786",,,,,
2022-04-13,80.90,80.90,79.50,80.00,-0.90,-1.11,"103,369",,,,,
2022-04-12,82.00,82.00,80.50,80.90,-1.10,-1.34,"102,927",,,,,
2022-04-11,81.50,82.60,81.50,82.00,0.60,0.74,"138,350",,,,,
2022-04-10,81.80,81.80,81.00,81.40,-0.50,-0.61,"93,263",,,,,
2022-04-07,83.00,83.50,80.00,81.90,-1.70,-2.03,"122,775",,,,,
2022-04-06,85.00,85.00,83.60,83.60,-1.40,-1.65,"55,021",,,,,
2022-04-05,85.20,85.20,84.30,85.00,-0.20,-0.23,"60,206",,,,,
2022-04-04,86.80,86.80,85.10,85.20,-1.60,-1.84,"63,390",,,,,
2022-04-03,92.60,92.60,86.00,86.80,2.60,3.09,"146,140",,,,,
2022-03-31,83.10,84.60,83.10,84.20,0.60,0.72,"89,226",,,,,
2022-03-30,85.20,85.20,82.70,83.60,-1.60,-1.88,"87,618",,,,,
2022-03-29,83.50,85.20,83.40,85.20,1.80,2.16,"363,392",,,,,
2022-03-28,81.90,83.50,81.90,83.40,1.50,1.83,"163,541",,,,,
2022-03-27,80.30,82.10,80.30,81.90,1.30,1.61,"170,154",,,,,
2022-03-24,80.00,80.60,80.00,80.60,0.60,0.75,"93,173",,,,,
2022-03-23,79.70,80.10,79.70,80.00,0.30,0.38,"97,922",,,,,
2022-03-22,79.00,79.70,79.00,79.70,0.70,0.89,"124,589",,,,,
2022-03-21,78.70,79.10,78.70,79.00,0.50,0.64,"64,994",,,,,
2022-03-20,78.30,78.70,77.90,78.50,0.60,0.77,"77,041",,,,,
2022-03-17,78.20,78.90,77.90,77.90,-0.30,-0.38,"39,139",,,,,
2022-03-16,77.50,78.20,77.40,78.20,0.70,0.90,"40,447",,,,,
2022-03-15,78.00,78.30,77.40,77.50,-0.10,-0.13,"22,526",,,,,
2022-03-14,78.00,78.00,77.60,77.60,-0.40,-0.51,"18,548",,,,,
,,,,,,,,,,,,
,,,,,,,,,,,,
,,,,,,,,,,,,
,,,,,,,,,,,,
,,,,,,,,,,,,
,,,,,,,,,,,,
,,,,,,,,,,,,
,,,,,,,,,,,,
,,,,,,,,,,,,
,,,,,,,,,,,,
,,,,,,,,,,,,
,,,,,,,,,,,,
,,,,,,,,,,,,
,,,,,,,,,,,,
,,,,,,,,,,,,
,,,,,,,,,,,,
,,,,,,,,,,,,
,,,,,,,,,,,,
,,,,,,,,,,,,
,,,,,,,,,,,,
,,,,,,,,,,,,
,,,,,,,,,,,,
,,,,,,,,,,,,
,,,,,,,,,,,,
,,,,,,,,,,,,
,,,,,,,,,,,,
,,,,,,,,,,,,
,,,,,,,,,,,,
,,,,,,,,,,,,
,,,,,,,,,,,,
,,,,,,,,,,,,
,,,,,,,,,,,,
,,,,,,,,,,,,
,,,,,,,,,,,,
,,,,,,,,,,,,
,,,,,,,,,,,,
,,,,,,,,,,,,
,,,,,,,,,,,,
,,,,,,,,,,,,
,,,,,,,,,,,,
,,,,,,,,,,,,
,,,,,,,,,,,,
,,,,,,,,,,,,
,,,,,,,,,,,,
,,,,,,,,,,,,
,,,,,,,,,,,,
,,,,,,,,,,,,
,,,,,,,,,,,,
,,,,,,,,,,,,
,,,,,,,,,,,,
,,,,,,,,,,,,
,,,,,,,,,,,,
,,,,,,,,,,,,
,,,,,,,,,,,,
,,,,,,,,,,,,
,,,,,,,,,,,,
,,,,,,,,,,,,
,,,,,,,,,,,,
,,,,,,,,,,,,
,,,,,,,,,,,,
,,,,,,,,,,,,
,,,,,,,,,,,,
,,,,,,,,,,,,
,,,,,,,,,,,,
,,,,,,,,,,,,
,,,,,,,,,,,,
,,,,,,,,,,,,
,,,,,,,,,,,,
,,,,,,,,,,,,
,,,,,,,,,,,,
,,,,,,,,,,,,
,,,,,,,,,,,,
,,,,,,,,,,,,
,,,,,,,,,,,,
,,,,,,,,,,,,
,,,,,,,,,,,,
,,,,,,,,,,,,
,,,,,,,,,,,,
,,,,,,,,,,,,
,,,,,,,,,,,,
,,,,,,,,,,,,
,,,,,,,,,,,,
,,,,,,,,,,,,
,,,,,,,,,,,,
,,,,,,,,,,,,
,,,,,,,,,,,,
,,,,,,,,,,,,
,,,,,,,,,,,,
,,,,,,,,,,,,
,,,,,,,,,,,,
,,,,,,,,,,,,
,,,,,,,,,,,,
,,,,,,,,,,,,
,,,,,,,,,,,,
,,,,,,,,,,,,
,,,,,,,,,,,,
,,,,,,,,,,,,
,,,,,,,,,,,,
,,,,,,,,,,,,
,,,,,,,,,,,,
2022-03-13,78.30,78.30,78.00,78.00,0.20,0.26,"21,635",,,,,
2022-03-10,78.30,78.60,77.60,77.80,0.00,0.00,"16,475",,,,,
2022-03-09,78.90,79.00,77.80,77.80,-0.90,-1.14,"83,312",,,,,
2022-03-08,79.60,79.60,78.60,78.70,-0.90,-1.13,"25,486",,,,,
2022-03-07,79.70,80.60,79.60,79.60,0.00,0.00,"182,788",,,,,
2022-03-06,78.10,79.70,78.00,79.60,2.10,2.71,"111,037",,,,,
2022-03-03,75.90,78.20,75.90,77.50,1.70,2.24,"135,235",,,,,
2022-03-02,75.90,76.00,75.10,75.80,0.30,0.40,"119,908",,,,,
2022-03-01,77.60,77.60,75.30,75.50,-1.60,-2.08,"174,113",,,,,
2022-02-28,77.60,77.90,77.10,77.10,-0.50,-0.64,"88,381",,,,,
2022-02-27,78.50,78.50,77.60,77.60,-0.50,-0.64,"57,346",,,,,
2022-02-24,79.20,79.20,78.00,78.10,-1.10,-1.39,"91,620",,,,,
2022-02-23,79.70,79.80,79.20,79.20,-0.50,-0.63,"47,437",,,,,
2022-02-21,79.20,80.20,79.10,79.70,0.50,0.63,"84,441",,,,,
2022-02-20,79.30,79.50,79.00,79.20,-0.10,-0.13,"69,315",,,,,
2022-02-17,79.10,79.30,78.80,79.30,0.20,0.25,"53,946",,,,,
2022-02-16,78.40,79.20,78.20,79.10,0.70,0.89,"84,974",,,,,
2022-02-15,78.00,78.70,78.00,78.40,0.70,0.90,"59,210",,,,,
2022-02-14,78.20,78.50,77.70,77.70,-0.90,-1.15,"194,748",,,,,
2022-02-13,77.90,79.10,77.90,78.60,-0.30,-0.38,"138,521",,,,,
2022-02-10,78.00,78.90,77.90,78.90,1.00,1.28,"65,131",,,,,
2022-02-09,79.00,79.00,77.30,77.90,-1.40,-1.77,"214,718",,,,,
2022-02-08,79.20,79.50,79.10,79.30,-0.20,-0.25,"29,500",,,,,
2022-02-07,80.00,80.00,79.30,79.50,0.00,0.00,"26,267",,,,,
2022-02-06,79.80,79.80,79.00,79.50,-0.30,-0.38,"18,687",,,,,
2022-02-03,80.00,80.10,79.50,79.80,-0.20,-0.25,"30,223",,,,,
2022-02-02,80.30,80.90,79.60,80.00,-0.10,-0.12,"52,985",,,,,
2022-02-01,80.10,80.30,80.00,80.10,0.10,0.13,"21,570",,,,,
2022-01-31,79.90,80.20,79.70,80.00,0.20,0.25,"72,955",,,,,
2022-01-30,79.90,80.00,79.70,79.80,0.50,0.63,"29,915",,,,,
2022-01-27,79.10,79.60,79.00,79.30,0.30,0.38,"25,395",,,,,
2022-01-26,78.80,79.00,78.50,79.00,0.50,0.64,"42,663",,,,,
2022-01-25,80.00,80.00,78.20,78.50,-1.50,-1.88,"102,014",,,,,
2022-01-24,80.50,80.50,79.60,80.00,-0.80,-0.99,"52,159",,,,,
2022-01-23,81.00,81.40,80.50,80.80,-0.70,-0.86,"65,403",,,,,
2022-01-20,80.50,81.50,80.20,81.50,1.20,1.49,"97,011",,,,,
2022-01-19,80.20,80.40,80.20,80.30,-0.10,-0.12,"19,756",,,,,
2022-01-18,80.20,80.40,80.10,80.40,0.20,0.25,"38,612",,,,,
2022-01-17,80.30,80.30,79.90,80.20,0.00,0.00,"26,891",,,,,
2022-01-16,80.00,80.90,80.00,80.20,0.40,0.50,"58,977",,,,,
2022-01-13,77.80,80.00,77.80,79.80,1.90,2.44,"113,951",,,,,
2022-01-12,78.00,78.00,77.50,77.90,-0.10,-0.13,"34,347",,,,,
2022-01-11,77.90,78.00,77.80,78.00,0.10,0.13,"22,442",,,,,
2022-01-10,77.70,77.90,77.50,77.90,0.60,0.78,"40,059",,,,,
2022-01-09,78.00,78.00,77.20,77.30,-0.70,-0.90,"36,467",,,,,
2022-01-06,76.70,78.50,76.40,78.00,1.30,1.69,"49,555",,,,,
2022-01-05,75.60,77.00,75.60,76.70,1.00,1.32,"71,105",,,,,
2022-01-04,76.00,76.10,75.70,75.70,-0.20,-0.26,"47,188",,,,,
2022-01-03,76.20,76.40,75.90,75.90,-0.20,-0.26,"21,332",,,,,
2022-01-02,75.70,76.20,75.70,76.10,0.40,0.53,"33,352",,,,,
2021-12-30,75.80,76.20,75.70,75.70,-0.10,-0.13,"18,191",,,,,
2021-12-29,76.50,76.50,75.60,75.80,-0.40,-0.52,"42,199",,,,,
2021-12-28,76.00,76.20,75.80,76.20,0.70,0.93,"26,745",,,,,
2021-12-27,75.70,76.00,75.50,75.50,-0.50,-0.66,"19,736",,,,,
2021-12-26,76.20,76.50,76.00,76.00,-0.10,-0.13,"26,639",,,,,
2021-12-23,76.00,76.20,76.00,76.10,0.10,0.13,"26,083",,,,,
2021-12-22,76.10,76.20,76.00,76.00,-0.10,-0.13,"54,497",,,,,
2021-12-21,76.00,76.30,75.90,76.10,0.40,0.53,"35,439",,,,,
2021-12-20,75.70,76.00,75.60,75.70,0.10,0.13,"39,515",,,,,
2021-12-19,75.60,76.50,75.10,75.60,0.60,0.80,"58,470",,,,,
2021-12-16,77.00,77.50,75.00,75.00,-1.90,-2.47,"110,810",,,,,
2021-12-15,76.90,76.90,76.10,76.90,0.90,1.18,"39,012",,,,,
2021-12-14,75.30,77.00,74.90,76.00,0.70,0.93,"71,057",,,,,
2021-12-13,77.70,77.70,75.20,75.30,0.40,0.53,"168,716",,,,,
2021-12-12,74.60,75.00,74.40,74.90,0.50,0.67,"76,878",,,,,
2021-12-09,74.50,74.80,74.30,74.40,-0.40,-0.53,"42,657",,,,,
2021-12-08,75.00,75.00,74.30,74.80,-0.10,-0.13,"61,683",,,,,
2021-12-07,74.80,75.00,74.50,74.90,0.40,0.54,"63,260",,,,,
2021-12-06,75.60,75.60,74.20,74.50,0.10,0.13,"151,331",,,,,
2021-12-05,72.90,74.50,72.80,74.40,1.80,2.48,"256,174",,,,,
2021-12-02,73.00,73.50,71.80,72.60,-0.20,-0.27,"225,243",,,,,
2021-12-01,73.90,74.00,72.40,72.80,-0.30,-0.41,"251,973",,,,,
2021-11-30,77.80,77.80,73.10,73.10,-4.80,-6.16,"362,504",,,,,
2021-11-29,79.00,79.20,77.90,77.90,-1.10,-1.39,"124,149",,,,,
2021-11-28,81.00,81.00,78.80,79.00,-1.00,-1.25,"142,747",,,,,
2021-11-25,80.50,81.10,80.00,80.00,-0.40,-0.50,"95,748",,,,,
2021-11-24,80.00,81.00,80.00,80.40,0.70,0.88,"72,673",,,,,
2021-11-23,78.50,80.10,78.50,79.70,0.80,1.01,"37,895",,,,,
2021-11-22,80.10,80.40,77.90,78.90,-1.50,-1.87,"91,234",,,,,
2021-11-21,80.10,80.40,80.00,80.40,0.20,0.25,"41,443",,,,,
2021-11-18,80.50,80.90,80.00,80.20,-0.30,-0.37,"20,705",,,,,
2021-11-17,80.90,81.30,80.00,80.50,-0.40,-0.49,"43,614",,,,,
2021-11-16,81.20,81.50,80.70,80.90,-0.30,-0.37,"39,305",,,,,
2021-11-15,80.30,81.60,80.30,81.20,0.60,0.74,"49,577",,,,,
2021-11-14,79.80,80.60,79.80,80.60,0.50,0.62,"35,992",,,,,
2021-11-11,79.90,80.50,79.70,80.10,0.10,0.13,"27,987",,,,,
2021-11-10,79.80,80.00,79.50,80.00,-0.10,-0.12,"34,676",,,,,
2021-11-09,79.80,80.20,79.70,80.10,0.20,0.25,"34,808",,,,,
2021-11-08,79.90,80.20,79.50,79.90,0.00,0.00,"74,342",,,,,
2021-11-07,80.20,80.30,79.90,79.90,-0.30,-0.37,"48,582",,,,,
2021-11-04,80.20,80.20,79.90,80.20,0.00,0.00,"33,680",,,,,
2021-11-03,80.30,80.30,79.80,80.20,0.00,0.00,"50,515",,,,,
2021-11-02,81.30,81.30,79.90,80.20,-0.60,-0.74,"75,492",,,,,
2021-11-01,81.10,81.20,80.70,80.80,-0.70,-0.86,"36,861",,,,,
2021-10-31,81.90,82.00,81.20,81.50,-0.10,-0.12,"19,830",,,,,
2021-10-28,80.50,82.00,80.20,81.60,1.00,1.24,"58,911",,,,,
2021-10-27,81.40,81.40,79.70,80.60,-0.30,-0.37,"66,248",,,,,
2021-10-26,81.00,81.30,80.90,80.90,-0.10,-0.12,"35,527",,,,,
2021-10-25,81.30,81.50,81.00,81.00,-0.30,-0.37,"38,157",,,,,
2021-10-24,82.00,82.20,80.70,81.30,-0.30,-0.37,"68,989",,,,,
,,,,,,,,,,,,
,,,,,,,,,,,,
,,,,,,,,,,,,
,,,,,,,,,,,,
,,,,,,,,,,,,
,,,,,,,,,,,,
,,,,,,,,,,,,
,,,,,,,,,,,,
,,,,,,,,,,,,
,,,,,,,,,,,,
,,,,,,,,,,,,
,,,,,,,,,,,,
,,,,,,,,,,,,
,,,,,,,,,,,,
,,,,,,,,,,,,
,,,,,,,,,,,,
,,,,,,,,,,,,
,,,,,,,,,,,,
,,,,,,,,,,,,
,,,,,,,,,,,,
,,,,,,,,,,,,
,,,,,,,,,,,,
,,,,,,,,,,,,
,,,,,,,,,,,,
,,,,,,,,,,,,
,,,,,,,,,,,,
,,,,,,,,,,,,
,,,,,,,,,,,,
,,,,,,,,,,,,
,,,,,,,,,,,,
,,,,,,,,,,,,
,,,,,,,,,,,,
,,,,,,,,,,,,
,,,,,,,,,,,,
,,,,,,,,,,,,
,,,,,,,,,,,,
,,,,,,,,,,,,
,,,,,,,,,,,,
,,,,,,,,,,,,
,,,,,,,,,,,,
,,,,,,,,,,,,
,,,,,,,,,,,,
,,,,,,,,,,,,
,,,,,,,,,,,,
,,,,,,,,,,,,
,,,,,,,,,,,,
,,,,,,,,,,,,
,,,,,,,,,,,,
,,,,,,,,,,,,
,,,,,,,,,,,,
,,,,,,,,,,,,
,,,,,,,,,,,,
,,,,,,,,,,,,
,,,,,,,,,,,,
,,,,,,,,,,,,
,,,,,,,,,,,,
,,,,,,,,,,,,
,,,,,,,,,,,,
,,,,,,,,,,,,
,,,,,,,,,,,,
,,,,,,,,,,,,
,,,,,,,,,,,,
,,,,,,,,,,,,
,,,,,,,,,,,,
,,,,,,,,,,,,
,,,,,,,,,,,,
,,,,,,,,,,,,
,,,,,,,,,,,,
,,,,,,,,,,,,
,,,,,,,,,,,,
,,,,,,,,,,,,
,,,,,,,,,,,,
,,,,,,,,,,,,
,,,,,,,,,,,,
,,,,,,,,,,,,
,,,,,,,,,,,,
,,,,,,,,,,,,
,,,,,,,,,,,,
,,,,,,,,,,,,
,,,,,,,,,,,,
,,,,,,,,,,,,
,,,,,,,,,,,,
,,,,,,,,,,,,
,,,,,,,,,,,,
,,,,,,,,,,,,
,,,,,,,,,,,,
,,,,,,,,,,,,
,,,,,,,,,,,,
,,,,,,,,,,,,
,,,,,,,,,,,,
,,,,,,,,,,,,
,,,,,,,,,,,,
,,,,,,,,,,,,
,,,,,,,,,,,,
,,,,,,,,,,,,
,,,,,,,,,,,,
,,,,,,,,,,,,
,,,,,,,,,,,,
,,,,,,,,,,,,
,,,,,,,,,,,,
2021-10-21,81.40,82.00,81.10,81.60,0.30,0.37,"83,072",,,,,
2021-10-20,81.30,81.70,81.30,81.30,-0.50,-0.61,"90,688",,,,,
2021-10-19,82.30,82.30,81.40,81.80,-0.70,-0.85,"97,419",,,,,
2021-10-18,82.60,83.00,82.30,82.50,-0.10,-0.12,"65,292",,,,,
2021-10-17,82.20,82.60,81.70,82.60,0.70,0.85,"70,917",,,,,
2021-10-14,81.50,81.90,80.80,81.90,0.40,0.49,"53,451",,,,,
2021-10-13,80.90,81.50,80.80,81.50,0.80,0.99,"48,657",,,,,
2021-10-12,78.80,81.00,78.70,80.70,2.00,2.54,"84,679",,,,,
2021-10-11,78.60,79.80,78.30,78.70,0.20,0.25,"129,691",,,,,
2021-10-10,80.00,80.00,78.40,78.50,-1.50,-1.88,"131,390",,,,,
2021-10-07,81.10,81.50,79.90,80.00,-1.70,-2.08,"226,453",,,,,
2021-10-06,82.30,82.30,81.40,81.70,-1.20,-1.45,"77,451",,,,,
2021-10-05,82.10,82.90,81.00,82.90,0.50,0.61,"175,371",,,,,
2021-10-04,82.90,82.90,82.20,82.40,-0.50,-0.60,"58,434",,,,,
2021-10-03,83.00,83.00,82.20,82.90,-0.10,-0.12,"45,265",,,,,
2021-09-30,82.10,83.00,81.60,83.00,1.00,1.22,"118,431",,,,,
2021-09-29,83.00,83.00,81.90,82.00,-0.40,-0.49,"114,886",,,,,
2021-09-28,83.10,83.10,82.20,82.40,-0.70,-0.84,"178,820",,,,,
2021-09-27,83.10,83.10,82.70,83.10,-0.10,-0.12,"153,460",,,,,
2021-09-26,84.00,84.00,83.00,83.20,-0.40,-0.48,"97,137",,,,,
2021-09-22,83.00,83.70,83.00,83.60,0.50,0.60,"34,024",,,,,
2021-09-21,82.80,83.40,82.70,83.10,0.10,0.12,"53,497",,,,,
2021-09-20,82.80,83.00,82.80,83.00,0.10,0.12,"45,663",,,,,
2021-09-19,83.20,83.20,82.80,82.90,-0.30,-0.36,"95,500",,,,,
2021-09-16,83.70,83.70,82.90,83.20,-0.30,-0.36,"133,809",,,,,
2021-09-15,83.30,83.60,83.10,83.50,0.20,0.24,"65,040",,,,,
2021-09-14,83.80,83.90,83.30,83.30,-0.60,-0.72,"109,962",,,,,
2021-09-13,83.80,84.00,83.60,83.90,0.10,0.12,"63,659",,,,,
2021-09-12,84.50,84.50,83.70,83.80,-0.90,-1.06,"68,737",,,,,
2021-09-09,85.00,85.10,84.60,84.70,-0.30,-0.35,"42,887",,,,,
2021-09-08,84.40,85.40,84.40,85.00,0.70,0.83,"65,834",,,,,
2021-09-07,84.20,84.60,84.00,84.30,0.40,0.48,"78,519",,,,,
2021-09-06,84.00,84.10,83.90,83.90,-0.10,-0.12,"50,534",,,,,
2021-09-05,84.00,84.00,83.80,84.00,0.10,0.12,"46,012",,,,,
2021-09-02,83.90,84.00,83.60,83.90,0.10,0.12,"81,772",,,,,
2021-09-01,83.60,83.80,83.40,83.80,0.10,0.12,"41,242",,,,,
2021-08-31,84.00,84.00,83.50,83.70,-0.30,-0.36,"118,269",,,,,
2021-08-30,84.30,84.30,83.90,84.00,-0.20,-0.24,"33,952",,,,,
2021-08-29,83.70,84.40,83.70,84.20,0.50,0.60,"17,946",,,,,
2021-08-26,84.00,84.20,83.70,83.70,-0.10,-0.12,"61,217",,,,,
2021-08-25,84.50,84.50,83.70,83.80,-0.70,-0.83,"65,293",,,,,
2021-08-24,83.70,84.50,83.70,84.50,0.80,0.96,"57,098",,,,,
2021-08-23,84.50,85.00,83.70,83.70,-2.90,-3.35,"127,506",,,,,
2021-08-22,85.50,86.90,85.50,86.60,0.60,0.70,"250,373",,,,,
2021-08-19,85.30,86.50,85.30,86.00,0.70,0.82,"365,435",,,,,
2021-08-18,84.00,85.40,84.00,85.30,1.00,1.19,"68,398",,,,,
2021-08-17,83.30,84.30,82.30,84.30,1.00,1.20,"305,640",,,,,
2021-08-16,85.90,85.90,83.30,83.30,-2.60,-3.03,"301,343",,,,,
2021-08-15,87.00,87.00,85.70,85.90,-1.10,-1.26,"99,254",,,,,
2021-08-12,87.90,88.00,86.40,87.00,-0.90,-1.02,"203,295",,,,,
2021-08-11,88.90,89.00,87.20,87.90,-0.10,-0.11,"79,420",,,,,
2021-08-10,88.50,88.70,87.70,88.00,-1.40,-1.57,"112,000",,,,,
2021-08-09,89.90,89.90,89.00,89.40,-0.60,-0.67,"45,872",,,,,
2021-08-08,88.90,90.00,88.70,90.00,1.40,1.58,"99,873",,,,,
2021-08-05,87.60,89.00,87.60,88.60,0.40,0.45,"113,224",,,,,
2021-08-04,88.00,88.30,87.80,88.20,0.20,0.23,"167,728",,,,,
2021-08-03,87.40,88.40,87.40,88.00,0.60,0.69,"354,310",,,,,
2021-08-02,86.90,87.70,86.60,87.40,0.80,0.92,"204,734",,,,,
2021-08-01,86.00,86.90,86.00,86.60,0.60,0.70,"139,827",,,,,
2021-07-29,86.00,86.10,85.80,86.00,0.00,0.00,"92,371",,,,,
2021-07-28,85.90,86.10,85.70,86.00,0.00,0.00,"50,762",,,,,
2021-07-27,86.00,86.10,85.70,86.00,0.40,0.47,"55,240",,,,,
2021-07-26,86.00,86.10,85.60,85.60,-0.40,-0.47,"56,719",,,,,
2021-07-25,85.40,86.10,85.30,86.00,0.40,0.47,"67,357",,,,,
2021-07-15,85.30,85.80,85.00,85.60,0.30,0.35,"52,931",,,,,
2021-07-14,85.90,85.90,85.20,85.30,-0.60,-0.70,"77,144",,,,,
2021-07-13,85.80,86.00,85.60,85.90,0.40,0.47,"27,791",,,,,
2021-07-12,85.40,86.00,85.20,85.50,-0.10,-0.12,"148,197",,,,,
2021-07-11,86.00,86.10,85.50,85.60,-0.30,-0.35,"82,624",,,,,
2021-07-08,85.90,85.90,85.60,85.90,-0.10,-0.12,"83,459",,,,,
2021-07-07,85.90,86.00,85.70,86.00,0.10,0.12,"64,391",,,,,
2021-07-06,86.10,86.20,85.80,85.90,-0.10,-0.12,"34,887",,,,,
2021-07-05,86.10,86.10,85.70,86.00,0.10,0.12,"102,268",,,,,
2021-07-04,85.80,86.20,85.80,85.90,-0.10,-0.12,"146,162",,,,,
2021-07-01,86.00,86.10,85.70,86.00,0.00,0.00,"31,217",,,,,
2021-06-30,85.70,86.00,85.60,86.00,0.40,0.47,"94,071",,,,,
2021-06-29,86.30,86.30,85.60,85.60,-0.60,-0.70,"115,712",,,,,
2021-06-28,86.40,86.40,86.00,86.20,-0.10,-0.12,"65,724",,,,,
2021-06-27,86.00,86.30,85.90,86.30,0.30,0.35,"88,072",,,,,
2021-06-24,86.00,86.00,85.80,86.00,0.10,0.12,"50,241",,,,,
2021-06-23,86.20,86.30,85.80,85.90,-0.30,-0.35,"49,974",,,,,
2021-06-22,85.80,86.30,85.60,86.20,0.70,0.82,"58,960",,,,,
2021-06-21,86.00,86.00,85.30,85.50,-0.70,-0.81,"67,834",,,,,
2021-06-20,86.60,86.60,85.60,86.20,-0.30,-0.35,"152,448",,,,,
2021-06-17,87.00,87.30,86.30,86.50,-0.40,-0.46,"87,921",,,,,
2021-06-16,86.50,87.00,86.30,86.90,0.40,0.46,"211,179",,,,,
2021-06-15,85.80,86.90,85.70,86.50,0.80,0.93,"339,059",,,,,
2021-06-14,85.30,85.80,85.10,85.70,0.50,0.59,"333,086",,,,,
2021-06-13,85.30,85.50,85.20,85.20,-0.10,-0.12,"104,265",,,,,
2021-06-10,85.30,85.40,84.70,85.30,0.00,0.00,"109,059",,,,,
2021-06-09,85.00,85.30,84.80,85.30,0.50,0.59,"145,206",,,,,
2021-06-08,84.70,85.00,84.60,84.80,0.10,0.12,"103,292",,,,,
2021-06-07,84.50,84.70,84.50,84.70,0.10,0.12,"102,204",,,,,
2021-06-06,85.00,85.10,84.50,84.60,-0.30,-0.35,"116,939",,,,,
2021-06-03,84.60,85.00,84.60,84.90,0.30,0.35,"107,696",,,,,
2021-06-02,84.60,84.90,84.50,84.60,0.00,0.00,"122,649",,,,,
2021-06-01,85.30,85.30,84.60,84.60,-0.40,-0.47,"161,234",,,,,
2021-05-31,85.40,85.40,84.90,85.00,-0.40,-0.47,"130,025",,,,,
2021-05-30,85.90,86.00,85.30,85.40,-0.50,-0.58,"200,282",,,,,
2021-05-27,85.70,85.90,85.40,85.90,0.20,0.23,"145,199",,,,,
,,,,,,,,,,,,
,,,,,,,,,,,,
,,,,,,,,,,,,
,,,,,,,,,,,,
,,,,,,,,,,,,
,,,,,,,,,,,,
,,,,,,,,,,,,
,,,,,,,,,,,,
,,,,,,,,,,,,
,,,,,,,,,,,,
,,,,,,,,,,,,
,,,,,,,,,,,,
,,,,,,,,,,,,
,,,,,,,,,,,,
,,,,,,,,,,,,
,,,,,,,,,,,,
,,,,,,,,,,,,
,,,,,,,,,,,,
,,,,,,,,,,,,
,,,,,,,,,,,,
,,,,,,,,,,,,
,,,,,,,,,,,,
,,,,,,,,,,,,
,,,,,,,,,,,,
,,,,,,,,,,,,
,,,,,,,,,,,,
,,,,,,,,,,,,
,,,,,,,,,,,,
,,,,,,,,,,,,
,,,,,,,,,,,,
,,,,,,,,,,,,
,,,,,,,,,,,,
,,,,,,,,,,,,
,,,,,,,,,,,,
,,,,,,,,,,,,
,,,,,,,,,,,,
,,,,,,,,,,,,
,,,,,,,,,,,,
,,,,,,,,,,,,
,,,,,,,,,,,,
,,,,,,,,,,,,
,,,,,,,,,,,,
,,,,,,,,,,,,
,,,,,,,,,,,,
,,,,,,,,,,,,
,,,,,,,,,,,,
,,,,,,,,,,,,
,,,,,,,,,,,,
,,,,,,,,,,,,
,,,,,,,,,,,,
,,,,,,,,,,,,
,,,,,,,,,,,,
,,,,,,,,,,,,
,,,,,,,,,,,,
,,,,,,,,,,,,
,,,,,,,,,,,,
,,,,,,,,,,,,
,,,,,,,,,,,,
,,,,,,,,,,,,
,,,,,,,,,,,,
,,,,,,,,,,,,
,,,,,,,,,,,,
,,,,,,,,,,,,
,,,,,,,,,,,,
,,,,,,,,,,,,
,,,,,,,,,,,,
,,,,,,,,,,,,
,,,,,,,,,,,,
,,,,,,,,,,,,
,,,,,,,,,,,,
,,,,,,,,,,,,
,,,,,,,,,,,,
,,,,,,,,,,,,
,,,,,,,,,,,,
,,,,,,,,,,,,
,,,,,,,,,,,,
,,,,,,,,,,,,
,,,,,,,,,,,,
,,,,,,,,,,,,
,,,,,,,,,,,,
,,,,,,,,,,,,
,,,,,,,,,,,,
,,,,,,,,,,,,
,,,,,,,,,,,,
,,,,,,,,,,,,
,,,,,,,,,,,,
,,,,,,,,,,,,
,,,,,,,,,,,,
,,,,,,,,,,,,
,,,,,,,,,,,,
,,,,,,,,,,,,
,,,,,,,,,,,,
,,,,,,,,,,,,
,,,,,,,,,,,,
,,,,,,,,,,,,
,,,,,,,,,,,,
,,,,,,,,,,,,
,,,,,,,,,,,,
,,,,,,,,,,,,
,,,,,,,,,,,,
2021-05-26,85.10,85.80,84.50,85.70,0.70,0.82,"164,925",,,,,
2021-05-25,84.80,85.00,84.50,85.00,0.50,0.59,"142,911",,,,,
2021-05-24,84.20,84.70,84.20,84.50,0.00,0.00,"202,026",,,,,
2021-05-23,84.20,84.50,83.90,84.50,0.30,0.36,"120,061",,,,,
2021-05-20,84.40,84.40,83.60,84.20,0.10,0.12,"144,453",,,,,
2021-05-19,84.50,84.50,84.00,84.10,-0.40,-0.47,"40,412",,,,,
2021-05-18,84.00,84.50,83.80,84.50,0.60,0.72,"44,688",,,,,
2021-05-17,84.50,84.50,83.90,83.90,-0.60,-0.71,"53,004",,,,,
2021-05-10,84.30,84.50,83.80,84.50,0.70,0.84,"88,511",,,,,
2021-05-09,84.70,84.70,83.80,83.80,-0.20,-0.24,"84,467",,,,,
2021-05-06,84.10,84.30,83.70,84.00,0.00,0.00,"92,423",,,,,
2021-05-05,84.60,84.60,84.00,84.00,-1.20,-1.41,"82,189",,,,,
2021-05-04,85.60,85.80,85.10,85.20,-0.40,-0.47,"139,708",,,,,
2021-05-03,86.00,86.00,85.40,85.60,0.00,0.00,"102,243",,,,,
2021-05-02,84.70,85.90,84.70,85.60,1.10,1.30,"186,956",,,,,
2021-04-29,84.50,84.50,84.10,84.50,0.00,0.00,"56,508",,,,,
2021-04-28,83.90,84.50,83.70,84.50,0.80,0.96,"95,472",,,,,
2021-04-27,83.30,83.80,83.10,83.70,0.40,0.48,"43,261",,,,,
2021-04-26,83.50,83.50,82.90,83.30,-0.20,-0.24,"320,358",,,,,
2021-04-25,83.90,84.00,83.00,83.50,-0.40,-0.48,"104,018",,,,,
2021-04-22,83.70,84.30,83.60,83.90,0.30,0.36,"45,057",,,,,
2021-04-21,84.00,84.00,83.10,83.60,-0.20,-0.24,"112,469",,,,,
2021-04-20,84.20,84.20,83.50,83.80,-0.20,-0.24,"167,887",,,,,
2021-04-19,84.80,84.80,83.90,84.00,-0.60,-0.71,"313,794",,,,,
2021-04-18,84.40,84.70,83.80,84.60,0.80,0.95,"61,028",,,,,
2021-04-15,83.70,84.30,83.70,83.80,0.10,0.12,"26,313",,,,,
2021-04-14,84.30,84.30,83.10,83.70,-0.70,-0.83,"97,931",,,,,
2021-04-13,84.80,85.00,83.90,84.40,-0.40,-0.47,"81,489",,,,,
2021-04-12,84.70,84.90,84.40,84.80,0.10,0.12,"67,771",,,,,
2021-04-11,84.60,85.00,84.50,84.70,0.00,0.00,"56,360",,,,,
2021-04-08,84.90,84.90,84.60,84.70,-0.80,-0.94,"87,661",,,,,
2021-04-07,85.20,85.50,84.70,85.50,0.30,0.35,"116,782",,,,,
2021-04-06,86.30,86.30,85.20,85.20,-1.10,-1.27,"118,359",,,,,
2021-04-05,86.00,86.40,85.50,86.30,0.40,0.47,"102,286",,,,,
2021-04-04,85.40,86.00,85.20,85.90,0.50,0.59,"172,410",,,,,
2021-04-01,85.10,85.40,85.00,85.40,0.30,0.35,"148,531",,,,,
2021-03-31,85.00,85.20,84.60,85.10,0.10,0.12,"144,493",,,,,
2021-03-30,84.80,85.00,84.70,85.00,0.20,0.24,"33,301",,,,,
2021-03-29,84.80,84.80,84.50,84.80,0.30,0.36,"49,199",,,,,
2021-03-28,84.40,84.80,84.30,84.50,0.10,0.12,"30,686",,,,,
2021-03-25,84.30,84.80,84.30,84.40,0.10,0.12,"38,077",,,,,
2021-03-24,84.40,84.90,84.30,84.30,-0.20,-0.24,"28,803",,,,,
2021-03-23,84.80,84.80,84.40,84.50,-0.30,-0.35,"101,567",,,,,
2021-03-22,84.70,85.00,84.30,84.80,0.10,0.12,"101,037",,,,,
2021-03-21,85.00,85.00,84.00,84.70,0.20,0.24,"76,165",,,,,
2021-03-18,85.30,86.20,84.00,84.50,-0.50,-0.59,"128,227",,,,,
2021-03-17,84.90,85.50,84.80,85.00,-0.50,-0.58,"79,338",,,,,
2021-03-16,86.00,86.00,84.80,85.50,0.10,0.12,"67,410",,,,,
2021-03-15,85.50,86.00,85.30,85.40,0.00,0.00,"63,689",,,,,
2021-03-14,84.60,85.50,84.00,85.40,0.80,0.95,"63,244",,,,,
2021-03-11,84.20,84.60,83.90,84.60,0.00,0.00,"80,018",,,,,
2021-03-10,85.50,85.60,84.40,84.60,-0.40,-0.47,"159,260",,,,,
2021-03-09,87.10,87.30,85.00,85.00,-2.10,-2.41,"157,139",,,,,
2021-03-08,87.50,87.50,87.00,87.10,-0.30,-0.34,"33,853",,,,,
2021-03-07,87.30,87.80,87.10,87.40,-0.40,-0.46,"55,086",,,,,
2021-03-04,88.10,88.10,86.90,87.80,-0.30,-0.34,"73,152",,,,,
2021-03-03,88.00,88.40,86.90,88.10,0.20,0.23,"195,739",,,,,
2021-03-02,86.60,87.90,86.40,87.90,1.20,1.38,"166,033",,,,,
2021-03-01,86.00,86.70,85.90,86.70,0.80,0.93,"69,078",,,,,
2021-02-28,84.30,86.20,84.30,85.90,-0.10,-0.12,"90,882",,,,,
2021-02-25,86.00,86.10,85.00,86.00,-0.10,-0.12,"123,137",,,,,
2021-02-24,86.40,86.80,85.90,86.10,-0.30,-0.35,"97,731",,,,,
2021-02-23,86.10,86.80,86.00,86.40,0.30,0.35,"33,854",,,,,
2021-02-22,87.30,87.30,86.00,86.10,-1.00,-1.15,"105,206",,,,,
2021-02-21,87.40,87.40,86.50,87.10,0.30,0.35,"56,942",,,,,
2021-02-18,87.20,87.50,86.80,86.80,-0.40,-0.46,"32,154",,,,,
2021-02-17,88.00,88.00,87.00,87.20,-0.50,-0.57,"42,183",,,,,
2021-02-16,86.80,87.80,86.70,87.70,1.80,2.10,"55,142",,,,,
2021-02-15,87.20,89.20,85.90,85.90,-1.10,-1.26,"250,350",,,,,
2021-02-14,85.40,87.00,85.40,87.00,1.60,1.87,"143,016",,,,,
2021-02-11,85.40,85.40,85.10,85.40,0.00,0.00,"60,680",,,,,
2021-02-10,85.50,85.50,85.00,85.40,0.10,0.12,"120,493",,,,,
2021-02-09,88.20,88.40,84.80,85.30,-2.90,-3.29,"527,372",,,,,
2021-02-08,87.00,88.50,87.00,88.20,0.70,0.80,"82,129",,,,,
2021-02-07,88.40,89.70,87.50,87.50,-2.50,-2.78,"387,618",,,,,
2021-02-04,91.40,91.40,87.10,90.00,-1.80,-1.96,"336,462",,,,,
2021-02-03,93.50,93.50,90.00,91.80,-2.10,-2.24,"242,771",,,,,
2021-02-02,93.00,94.70,93.00,93.90,1.00,1.08,"164,313",,,,,
2021-02-01,91.90,94.80,91.90,92.90,1.00,1.09,"242,584",,,,,
2021-01-31,90.70,91.90,90.70,91.90,1.60,1.77,"182,031",,,,,
2021-01-28,91.00,91.70,90.30,90.30,-1.30,-1.42,"149,364",,,,,
2021-01-27,89.90,91.80,89.80,91.60,2.60,2.92,"235,134",,,,,
2021-01-26,89.60,89.70,89.00,89.00,-0.60,-0.67,"150,807",,,,,
2021-01-25,88.90,89.60,88.90,89.60,1.60,1.82,"154,830",,,,,
2021-01-24,87.50,89.60,87.30,88.00,0.60,0.69,"149,916",,,,,
2021-01-21,86.50,87.50,86.50,87.40,0.90,1.04,"74,039",,,,,
2021-01-20,86.00,87.00,86.00,86.50,0.50,0.58,"187,669",,,,,
2021-01-19,85.70,86.60,85.60,86.00,-0.40,-0.46,"258,739",,,,,
2021-01-18,86.50,86.50,85.90,86.40,0.00,0.00,"94,759",,,,,
2021-01-17,85.50,86.60,85.50,86.40,0.50,0.58,"88,503",,,,,
2021-01-14,85.30,86.00,85.20,85.90,0.40,0.47,"58,568",,,,,
2021-01-13,85.20,85.80,85.20,85.50,-0.10,-0.12,"59,558",,,,,
2021-01-12,84.50,85.80,84.50,85.60,1.00,1.18,"62,448",,,,,
2021-01-11,85.90,86.00,84.60,84.60,-0.90,-1.05,"124,913",,,,,
2021-01-10,84.10,86.00,84.10,85.50,1.00,1.18,"159,002",,,,,
2021-01-07,82.20,84.50,82.20,84.50,1.30,1.56,"164,681",,,,,
2021-01-06,82.70,84.20,82.10,83.20,1.20,1.46,"132,762",,,,,
2021-01-05,81.60,82.00,81.00,82.00,0.90,1.11,"104,474",,,,,
2021-01-04,80.30,81.20,80.20,81.10,0.20,0.25,"74,422",,,,,
2021-01-03,81.40,81.40,80.00,80.90,-0.10,-0.12,"104,364",,,,,
,,,,,,,,,,,,
,,,,,,,,,,,,
,,,,,,,,,,,,
,,,,,,,,,,,,
,,,,,,,,,,,,
,,,,,,,,,,,,
,,,,,,,,,,,,
,,,,,,,,,,,,
,,,,,,,,,,,,
,,,,,,,,,,,,
,,,,,,,,,,,,
,,,,,,,,,,,,
,,,,,,,,,,,,
,,,,,,,,,,,,
,,,,,,,,,,,,
,,,,,,,,,,,,
,,,,,,,,,,,,
,,,,,,,,,,,,
,,,,,,,,,,,,
,,,,,,,,,,,,
,,,,,,,,,,,,
,,,,,,,,,,,,
,,,,,,,,,,,,
,,,,,,,,,,,,
,,,,,,,,,,,,
,,,,,,,,,,,,
,,,,,,,,,,,,
,,,,,,,,,,,,
,,,,,,,,,,,,
,,,,,,,,,,,,
,,,,,,,,,,,,
,,,,,,,,,,,,
,,,,,,,,,,,,
,,,,,,,,,,,,
,,,,,,,,,,,,
,,,,,,,,,,,,
,,,,,,,,,,,,
,,,,,,,,,,,,
,,,,,,,,,,,,
,,,,,,,,,,,,
,,,,,,,,,,,,
,,,,,,,,,,,,
,,,,,,,,,,,,
,,,,,,,,,,,,
,,,,,,,,,,,,
,,,,,,,,,,,,
,,,,,,,,,,,,
,,,,,,,,,,,,
,,,,,,,,,,,,
,,,,,,,,,,,,
,,,,,,,,,,,,
,,,,,,,,,,,,
,,,,,,,,,,,,
,,,,,,,,,,,,
,,,,,,,,,,,,
,,,,,,,,,,,,
,,,,,,,,,,,,
,,,,,,,,,,,,
,,,,,,,,,,,,
,,,,,,,,,,,,
,,,,,,,,,,,,
,,,,,,,,,,,,
,,,,,,,,,,,,
,,,,,,,,,,,,
,,,,,,,,,,,,
,,,,,,,,,,,,
,,,,,,,,,,,,
,,,,,,,,,,,,
,,,,,,,,,,,,
,,,,,,,,,,,,
,,,,,,,,,,,,
,,,,,,,,,,,,
,,,,,,,,,,,,
,,,,,,,,,,,,
,,,,,,,,,,,,
,,,,,,,,,,,,
,,,,,,,,,,,,
,,,,,,,,,,,,
,,,,,,,,,,,,
,,,,,,,,,,,,
,,,,,,,,,,,,
,,,,,,,,,,,,
,,,,,,,,,,,,
,,,,,,,,,,,,
,,,,,,,,,,,,
,,,,,,,,,,,,
,,,,,,,,,,,,
,,,,,,,,,,,,
,,,,,,,,,,,,
,,,,,,,,,,,,
,,,,,,,,,,,,
,,,,,,,,,,,,
,,,,,,,,,,,,
,,,,,,,,,,,,
,,,,,,,,,,,,
,,,,,,,,,,,,
,,,,,,,,,,,,
,,,,,,,,,,,,
,,,,,,,,,,,,
,,,,,,,,,,,,
2020-12-31,80.00,81.50,80.00,81.00,0.60,0.75,"176,031",,,,,
2020-12-30,79.70,81.60,79.70,80.40,0.40,0.50,"148,985",,,,,
2020-12-29,79.70,80.20,79.30,80.00,0.20,0.25,"147,696",,,,,
2020-12-28,79.00,80.00,79.00,79.80,0.50,0.63,"68,147",,,,,
2020-12-27,79.00,79.40,78.80,79.30,0.50,0.63,"64,799",,,,,
2020-12-24,79.20,79.20,78.70,78.80,0.00,0.00,"47,530",,,,,
2020-12-23,79.50,79.50,78.60,78.80,-0.70,-0.88,"83,139",,,,,
2020-12-22,77.00,79.50,77.00,79.50,2.00,2.58,"111,317",,,,,
2020-12-21,77.50,78.60,76.90,77.50,-1.80,-2.27,"195,156",,,,,
2020-12-20,79.10,80.00,79.00,79.30,0.20,0.25,"159,936",,,,,
2020-12-17,78.70,79.30,78.60,79.10,0.20,0.25,"198,800",,,,,
2020-12-16,78.00,78.90,78.00,78.90,0.60,0.77,"171,745",,,,,
2020-12-15,77.80,78.30,77.50,78.30,-0.10,-0.13,"71,637",,,,,
2020-12-14,78.00,78.50,77.70,78.40,0.00,0.00,"94,163",,,,,
2020-12-13,78.30,78.60,77.90,78.40,0.40,0.51,"38,295",,,,,
2020-12-10,78.10,78.60,77.80,78.00,-0.10,-0.13,"71,059",,,,,
2020-12-09,77.90,78.10,77.00,78.10,0.30,0.39,"61,638",,,,,
2020-12-08,77.60,78.20,77.60,77.80,-0.40,-0.51,"80,107",,,,,
2020-12-07,77.30,78.20,76.80,78.20,0.20,0.26,"132,976",,,,,
2020-12-06,77.70,78.60,77.50,78.00,0.40,0.52,"244,585",,,,,
2020-12-03,76.70,78.00,76.70,77.60,0.80,1.04,"206,668",,,,,
2020-12-02,76.60,76.80,75.80,76.80,0.20,0.26,"224,750",,,,,
2020-12-01,76.00,76.60,75.80,76.60,0.70,0.92,"59,536",,,,,
2020-11-30,76.20,76.50,75.80,75.90,-0.30,-0.39,"102,188",,,,,
2020-11-29,75.30,76.30,75.30,76.20,0.90,1.20,"130,310",,,,,
2020-11-26,74.20,75.60,74.20,75.30,0.20,0.27,"66,266",,,,,
2020-11-25,75.50,75.70,75.00,75.10,-0.30,-0.40,"82,968",,,,,
2020-11-24,75.50,75.60,75.10,75.40,0.00,0.00,"76,769",,,,,
2020-11-23,74.40,75.40,74.20,75.40,0.80,1.07,"80,111",,,,,
2020-11-22,74.30,74.60,74.00,74.60,0.20,0.27,"65,190",,,,,
2020-11-19,74.80,75.00,74.20,74.40,-0.40,-0.53,"95,233",,,,,
2020-11-18,74.40,75.10,74.30,74.80,0.80,1.08,"183,101",,,,,
2020-11-17,73.80,74.40,73.60,74.00,0.70,0.95,"165,328",,,,,
2020-11-16,74.20,74.30,72.90,73.30,-1.10,-1.48,"213,579",,,,,
2020-11-15,73.90,74.70,73.90,74.40,0.40,0.54,"38,198",,,,,
2020-11-12,74.70,74.70,73.70,74.00,-0.60,-0.80,"74,370",,,,,
2020-11-11,74.80,74.80,74.00,74.60,0.60,0.81,"44,506",,,,,
2020-11-10,74.50,75.50,73.00,74.00,0.00,0.00,"149,154",,,,,
2020-11-09,74.80,74.80,73.90,74.00,0.20,0.27,"175,420",,,,,
2020-11-08,72.80,74.50,72.80,73.80,0.80,1.10,"70,123",,,,,
2020-11-05,74.00,74.00,72.50,73.00,-1.00,-1.35,"81,966",,,,,
2020-11-04,74.50,74.90,73.80,74.00,-1.00,-1.33,"201,677",,,,,
2020-11-03,75.00,75.40,74.00,75.00,0.70,0.94,"331,166",,,,,
2020-11-02,71.00,74.40,71.00,74.30,5.10,7.37,"389,477",,,,,
2020-11-01,68.30,69.20,66.50,69.20,0.40,0.58,"257,242",,,,,
2020-10-29,72.00,72.00,67.50,68.80,-3.80,-5.23,"488,469",,,,,
2020-10-28,73.50,73.50,72.10,72.60,-1.30,-1.76,"52,707",,,,,
2020-10-27,73.10,73.90,72.50,73.90,0.90,1.23,"114,604",,,,,
2020-10-26,72.00,74.90,71.00,73.00,-0.50,-0.68,"183,579",,,,,
2020-10-25,75.80,76.00,73.50,73.50,-2.40,-3.16,"115,990",,,,,
2020-10-22,76.00,76.00,75.00,75.90,-0.30,-0.39,"82,420",,,,,
2020-10-21,77.40,77.40,76.10,76.20,-0.80,-1.04,"58,325",,,,,
2020-10-20,77.50,77.60,76.80,77.00,-1.00,-1.28,"78,163",,,,,
2020-10-19,77.50,78.00,77.00,78.00,0.50,0.65,"165,226",,,,,
2020-10-18,77.00,78.20,76.80,77.50,1.00,1.31,"128,557",,,,,
2020-10-15,77.50,77.60,76.30,76.50,-0.80,-1.03,"156,588",,,,,
2020-10-14,78.10,78.30,77.30,77.30,-0.70,-0.90,"55,227",,,,,
2020-10-13,77.40,78.70,77.20,78.00,0.80,1.04,"170,722",,,,,
2020-10-12,77.70,77.90,76.70,77.20,-0.30,-0.39,"66,917",,,,,
2020-10-11,76.70,78.00,76.70,77.50,1.10,1.44,"118,429",,,,,
2020-10-08,76.90,77.40,76.00,76.40,0.40,0.53,"125,492",,,,,
2020-10-07,75.50,76.80,75.20,76.00,0.80,1.06,"125,939",,,,,
2020-10-06,75.00,75.30,74.50,75.20,0.40,0.53,"55,910",,,,,
2020-10-05,74.60,75.00,73.60,74.80,-0.10,-0.13,"96,673",,,,,
2020-10-04,74.00,75.70,74.00,74.90,0.40,0.54,"109,093",,,,,
2020-10-01,73.90,75.40,73.90,74.50,0.60,0.81,"180,487",,,,,
2020-09-30,74.00,74.30,73.90,73.90,-0.10,-0.14,"123,949",,,,,
2020-09-29,74.10,74.10,73.40,74.00,0.60,0.82,"163,262",,,,,
2020-09-28,74.20,74.50,73.40,73.40,-0.80,-1.08,"144,257",,,,,
2020-09-27,72.20,74.60,72.10,74.20,2.10,2.91,"407,171",,,,,
2020-09-24,71.00,72.10,71.00,72.10,1.10,1.55,"94,114",,,,,
2020-09-22,71.20,71.70,71.00,71.00,-0.30,-0.42,"78,056",,,,,
2020-09-21,72.30,72.40,71.30,71.30,-0.30,-0.42,"142,701",,,,,
2020-09-20,71.10,72.20,71.10,71.60,0.30,0.42,"134,353",,,,,
2020-09-17,71.80,71.90,71.10,71.30,0.30,0.42,"141,876",,,,,
2020-09-16,71.60,72.60,71.00,71.00,-0.50,-0.70,"168,153",,,,,
2020-09-15,72.80,73.40,71.30,71.50,-1.60,-2.19,"241,176",,,,,
2020-09-14,73.20,73.80,72.00,73.10,0.00,0.00,"131,957",,,,,
2020-09-13,74.00,74.20,73.00,73.10,-0.90,-1.22,"82,529",,,,,
2020-09-10,73.00,74.80,73.00,74.00,1.10,1.51,"187,384",,,,,
2020-09-09,70.00,73.40,69.80,72.90,1.00,1.39,"230,772",,,,,
2020-09-08,69.90,72.20,69.90,71.90,2.10,3.01,"359,281",,,,,
2020-09-07,68.70,70.00,68.40,69.80,1.00,1.45,"280,260",,,,,
2020-09-06,68.90,69.00,68.60,68.80,-0.20,-0.29,"58,635",,,,,
2020-09-03,67.90,69.00,67.90,69.00,1.10,1.62,"129,104",,,,,
2020-09-02,67.80,68.00,66.80,67.90,-0.10,-0.15,"162,010",,,,,
2020-09-01,68.40,68.90,68.00,68.00,-0.20,-0.29,"196,723",,,,,
2020-08-31,67.80,68.60,67.80,68.20,0.20,0.29,"88,212",,,,,
2020-08-30,67.60,68.00,67.30,68.00,0.30,0.44,"68,451",,,,,
2020-08-27,67.70,68.20,67.60,67.70,-0.20,-0.29,"75,747",,,,,
2020-08-26,67.50,68.20,67.50,67.90,-1.10,-1.59,"187,571",,,,,
2020-08-25,69.20,70.00,69.00,69.00,-0.10,-0.14,"360,345",,,,,
2020-08-24,67.30,69.30,67.30,69.10,2.20,3.29,"559,634",,,,,
2020-08-23,66.50,67.10,66.50,66.90,0.40,0.60,"153,504",,,,,
2020-08-20,66.70,67.00,66.40,66.50,-0.40,-0.60,"84,973",,,,,
2020-08-19,66.10,66.90,65.90,66.90,0.90,1.36,"153,846",,,,,
2020-08-18,66.40,66.40,65.90,66.00,-0.40,-0.60,"135,591",,,,,
2020-08-17,66.60,66.60,65.90,66.40,-0.20,-0.30,"119,829",,,,,
2020-08-16,66.40,66.60,66.30,66.60,0.30,0.45,"54,138",,,,,
2020-08-13,66.10,66.50,66.00,66.30,0.10,0.15,"109,974",,,,,
,,,,,,,,,,,,
,,,,,,,,,,,,
,,,,,,,,,,,,
,,,,,,,,,,,,
,,,,,,,,,,,,
,,,,,,,,,,,,
,,,,,,,,,,,,
,,,,,,,,,,,,
,,,,,,,,,,,,
,,,,,,,,,,,,
,,,,,,,,,,,,
,,,,,,,,,,,,
,,,,,,,,,,,,
,,,,,,,,,,,,
,,,,,,,,,,,,
,,,,,,,,,,,,
,,,,,,,,,,,,
,,,,,,,,,,,,
,,,,,,,,,,,,
,,,,,,,,,,,,
,,,,,,,,,,,,
,,,,,,,,,,,,
,,,,,,,,,,,,
,,,,,,,,,,,,
,,,,,,,,,,,,
,,,,,,,,,,,,
,,,,,,,,,,,,
,,,,,,,,,,,,
,,,,,,,,,,,,
,,,,,,,,,,,,
,,,,,,,,,,,,
,,,,,,,,,,,,
,,,,,,,,,,,,
,,,,,,,,,,,,
,,,,,,,,,,,,
,,,,,,,,,,,,
,,,,,,,,,,,,
,,,,,,,,,,,,
,,,,,,,,,,,,
,,,,,,,,,,,,
,,,,,,,,,,,,
,,,,,,,,,,,,
,,,,,,,,,,,,
,,,,,,,,,,,,
,,,,,,,,,,,,
,,,,,,,,,,,,
,,,,,,,,,,,,
,,,,,,,,,,,,
,,,,,,,,,,,,
,,,,,,,,,,,,
,,,,,,,,,,,,
,,,,,,,,,,,,
,,,,,,,,,,,,
,,,,,,,,,,,,
,,,,,,,,,,,,
,,,,,,,,,,,,
,,,,,,,,,,,,
,,,,,,,,,,,,
,,,,,,,,,,,,
,,,,,,,,,,,,
,,,,,,,,,,,,
,,,,,,,,,,,,
,,,,,,,,,,,,
,,,,,,,,,,,,
,,,,,,,,,,,,
,,,,,,,,,,,,
,,,,,,,,,,,,
,,,,,,,,,,,,
,,,,,,,,,,,,
,,,,,,,,,,,,
,,,,,,,,,,,,
,,,,,,,,,,,,
,,,,,,,,,,,,
,,,,,,,,,,,,
,,,,,,,,,,,,
,,,,,,,,,,,,
,,,,,,,,,,,,
,,,,,,,,,,,,
,,,,,,,,,,,,
,,,,,,,,,,,,
,,,,,,,,,,,,
,,,,,,,,,,,,
,,,,,,,,,,,,
,,,,,,,,,,,,
,,,,,,,,,,,,
,,,,,,,,,,,,
,,,,,,,,,,,,
,,,,,,,,,,,,
,,,,,,,,,,,,
,,,,,,,,,,,,
,,,,,,,,,,,,
,,,,,,,,,,,,
,,,,,,,,,,,,
,,,,,,,,,,,,
,,,,,,,,,,,,
,,,,,,,,,,,,
,,,,,,,,,,,,
,,,,,,,,,,,,
,,,,,,,,,,,,
,,,,,,,,,,,,
2020-08-12,66.90,67.50,65.80,66.20,-0.60,-0.90,"226,160",,,,,
2020-08-11,67.00,67.10,66.80,66.80,-0.30,-0.45,"115,576",,,,,
2020-08-10,67.50,67.50,66.80,67.10,-0.30,-0.45,"182,792",,,,,
2020-08-09,67.40,67.60,66.90,67.40,0.00,0.00,"109,047",,,,,
2020-08-06,67.20,67.60,66.80,67.40,0.30,0.45,"135,266",,,,,
2020-08-05,66.10,67.20,66.10,67.10,1.20,1.82,"189,085",,,,,
2020-07-28,66.80,66.80,65.50,65.90,-0.90,-1.35,"179,218",,,,,
2020-07-27,66.50,67.70,65.80,66.80,0.10,0.15,"176,129",,,,,
2020-07-26,64.60,66.80,64.60,66.70,2.20,3.41,"379,513",,,,,
2020-07-23,64.20,64.80,63.80,64.50,0.50,0.78,"158,721",,,,,
2020-07-22,63.90,64.20,63.90,64.00,0.50,0.79,"127,168",,,,,
2020-07-21,62.00,64.00,62.00,63.50,1.20,1.93,"126,526",,,,,
2020-07-20,63.10,63.30,62.00,62.30,-1.40,-2.20,"217,227",,,,,
2020-07-19,63.70,63.80,63.50,63.70,0.00,0.00,"46,604",,,,,
2020-07-16,64.00,64.00,63.50,63.70,-0.10,-0.16,"113,148",,,,,
2020-07-15,63.60,64.40,63.30,63.80,0.50,0.79,"173,113",,,,,
2020-07-14,63.90,64.10,62.20,63.30,-0.50,-0.78,"182,080",,,,,
2020-07-13,65.50,65.50,63.70,63.80,-1.70,-2.60,"105,001",,,,,
2020-07-12,65.60,65.90,65.00,65.50,0.00,0.00,"136,613",,,,,
2020-07-09,63.50,66.20,63.50,65.50,2.10,3.31,"362,283",,,,,
2020-07-08,64.10,64.40,63.00,63.40,-1.30,-2.01,"219,766",,,,,
2020-07-07,64.50,65.80,64.40,64.70,0.30,0.47,"161,525",,,,,
2020-07-06,63.00,66.50,62.90,64.40,1.40,2.22,"626,187",,,,,
2020-07-05,60.50,63.20,60.00,63.00,2.90,4.83,"247,061",,,,,
2020-07-02,59.70,60.90,59.50,60.10,0.60,1.01,"206,659",,,,,
2020-07-01,58.70,61.10,58.70,59.50,-0.50,-0.83,"212,083",,,,,
2020-06-30,62.50,64.00,59.50,60.00,-1.70,-2.76,"579,802",,,,,
2020-06-29,57.30,61.80,57.00,61.70,5.20,9.20,"853,486",,,,,
2020-06-28,54.90,57.40,54.70,56.50,1.90,3.48,"403,307",,,,,
2020-06-25,54.00,54.70,53.30,54.60,-0.10,-0.18,"121,068",,,,,
2020-06-24,55.20,55.20,54.50,54.70,-0.40,-0.73,"218,001",,,,,
2020-06-23,55.30,55.30,54.60,55.10,0.10,0.18,"148,989",,,,,
2020-06-22,54.80,55.40,54.50,55.00,0.20,0.36,"192,475",,,,,
2020-06-21,54.80,55.20,54.50,54.80,0.30,0.55,"193,885",,,,,
2020-06-18,53.80,54.50,53.40,54.50,0.80,1.49,"446,131",,,,,
2020-06-17,53.60,54.00,53.40,53.70,0.20,0.37,"258,230",,,,,
2020-06-16,53.20,53.90,53.20,53.50,0.60,1.13,"239,043",,,,,
2020-06-15,53.20,53.80,52.90,52.90,-1.10,-2.04,"469,081",,,,,
2020-06-14,53.20,54.30,53.20,54.00,-0.30,-0.55,"240,286",,,,,
2020-06-11,54.40,54.80,53.90,54.30,-0.20,-0.37,"226,476",,,,,
2020-06-10,54.50,54.90,53.70,54.50,0.00,0.00,"434,658",,,,,
2020-06-09,53.50,54.60,53.30,54.50,1.20,2.25,"388,416",,,,,
2020-06-08,52.80,53.90,52.50,53.30,0.30,0.57,"336,862",,,,,
2020-06-07,51.80,53.60,51.80,53.00,1.10,2.12,"347,211",,,,,
2020-06-04,51.40,52.10,51.00,51.90,0.20,0.39,"311,814",,,,,
2020-06-03,51.40,52.10,50.60,51.70,0.50,0.98,"431,312",,,,,
2020-06-02,50.00,51.70,50.00,51.20,1.25,2.50,"434,709",,,,,
2020-06-01,50.00,50.20,49.40,49.95,-0.05,-0.10,"276,168",,,,,
2020-05-31,50.10,50.30,49.55,50.00,1.20,2.46,"336,548",,,,,
2020-05-21,48.30,48.80,48.10,48.80,0.80,1.67,"189,243",,,,,
2020-05-20,48.25,48.40,47.95,48.00,-0.35,-0.72,"284,598",,,,,
2020-05-19,48.00,48.45,47.60,48.35,1.20,2.55,"304,888",,,,,
2020-05-18,47.00,47.45,46.40,47.15,0.75,1.62,"284,440",,,,,
2020-05-17,48.50,48.50,46.05,46.40,-1.15,-2.42,"514,957",,,,,
2020-05-14,47.70,48.30,47.40,47.55,-0.95,-1.96,"215,011",,,,,
2020-05-13,47.40,48.50,47.40,48.50,1.30,2.75,"65,767",,,,,
2020-05-12,46.75,47.60,46.50,47.20,0.85,1.83,"158,450",,,,,
2020-05-11,46.00,47.00,45.40,46.35,-2.65,-5.41,"414,170",,,,,
2020-05-10,49.00,49.00,48.40,49.00,0.30,0.62,"185,570",,,,,
2020-05-07,49.00,49.20,48.65,48.70,-0.55,-1.12,"220,562",,,,,
2020-05-06,50.30,50.30,48.75,49.25,-0.95,-1.89,"279,871",,,,,
2020-05-05,50.10,50.70,49.00,50.20,1.90,3.93,"772,557",,,,,
2020-05-04,47.55,49.60,47.50,48.30,-3.50,-6.76,"1,205,435",,,,,
2020-05-03,54.50,54.50,51.80,51.80,-5.70,-9.91,"451,883",,,,,
2020-04-30,57.00,57.50,56.40,57.50,1.10,1.95,"436,435",,,,,
2020-04-29,55.10,56.40,55.00,56.40,1.80,3.30,"473,911",,,,,
2020-04-28,53.30,54.80,53.00,54.60,1.30,2.44,"261,424",,,,,
2020-04-27,53.20,53.70,52.70,53.30,0.10,0.19,"289,563",,,,,
2020-04-26,50.90,53.20,50.70,53.20,3.20,6.40,"667,069",,,,,
2020-04-23,50.50,50.80,49.70,50.00,0.40,0.81,"382,016",,,,,
2020-04-22,49.35,50.40,49.10,49.60,0.20,0.40,"410,129",,,,,
2020-04-21,48.50,49.85,47.20,49.40,0.20,0.41,"326,400",,,,,
2020-04-20,49.65,49.65,48.50,49.20,-0.50,-1.01,"201,425",,,,,
2020-04-19,49.95,50.10,49.50,49.70,0.20,0.40,"174,718",,,,,
2020-04-16,51.50,51.50,49.00,49.50,-2.10,-4.07,"318,610",,,,,
2020-04-15,52.40,52.50,51.60,51.60,-0.50,-0.96,"147,780",,,,,
2020-04-14,52.10,52.70,51.90,52.10,0.10,0.19,"231,177",,,,,
2020-04-13,52.70,52.70,52.00,52.00,0.00,0.00,"150,979",,,,,
2020-04-12,53.30,53.50,52.00,52.00,-0.90,-1.70,"232,003",,,,,
2020-04-09,53.00,54.50,52.90,52.90,0.60,1.15,"535,584",,,,,
2020-04-08,53.20,53.30,52.00,52.30,-0.90,-1.69,"228,118",,,,,
2020-04-07,52.50,53.40,52.40,53.20,0.90,1.72,"569,627",,,,,
2020-04-06,52.80,53.20,52.10,52.30,-0.20,-0.38,"160,497",,,,,
2020-04-05,53.50,54.00,52.50,52.50,-0.60,-1.13,"409,669",,,,,
2020-04-02,53.20,53.50,52.70,53.10,0.30,0.57,"314,879",,,,,
2020-04-01,52.90,53.10,52.50,52.80,-0.10,-0.19,"172,519",,,,,
2020-03-31,52.90,53.90,52.90,52.90,0.00,0.00,"189,768",,,,,
2020-03-30,52.90,54.00,51.80,52.90,0.20,0.38,"321,692",,,,,
2020-03-29,49.00,52.70,48.80,52.70,3.45,7.01,"267,783",,,,,
2020-03-26,47.10,49.25,47.00,49.25,2.80,6.03,"138,193",,,,,
2020-03-25,47.05,47.80,45.85,46.45,0.75,1.64,"269,365",,,,,
2020-03-24,45.00,47.95,44.20,45.70,1.70,3.86,"252,326",,,,,
2020-03-23,47.00,47.00,43.10,44.00,-2.60,-5.58,"232,153",,,,,
2020-03-22,48.75,48.75,46.55,46.60,-2.40,-4.90,"198,070",,,,,
2020-03-19,47.95,49.00,47.30,49.00,1.20,2.51,"559,323",,,,,
2020-03-18,47.85,48.55,47.10,47.80,-0.10,-0.21,"183,086",,,,,
2020-03-17,47.00,48.40,45.10,47.90,1.90,4.13,"147,072",,,,,
2020-03-16,49.70,49.70,45.50,46.00,-3.15,-6.41,"398,917",,,,,
2020-03-15,49.80,50.50,49.15,49.15,-0.10,-0.20,"164,236",,,,,
2020-03-12,50.00,50.10,48.80,49.25,-3.75,-7.08,"489,334",,,,,
,,,,,,,,,,,,
,,,,,,,,,,,,
,,,,,,,,,,,,
,,,,,,,,,,,,
,,,,,,,,,,,,
,,,,,,,,,,,,
,,,,,,,,,,,,
,,,,,,,,,,,,
,,,,,,,,,,,,
,,,,,,,,,,,,
,,,,,,,,,,,,
,,,,,,,,,,,,
,,,,,,,,,,,,
,,,,,,,,,,,,
,,,,,,,,,,,,
,,,,,,,,,,,,
,,,,,,,,,,,,
,,,,,,,,,,,,
,,,,,,,,,,,,
,,,,,,,,,,,,
,,,,,,,,,,,,
,,,,,,,,,,,,
,,,,,,,,,,,,
,,,,,,,,,,,,
,,,,,,,,,,,,
,,,,,,,,,,,,
,,,,,,,,,,,,
,,,,,,,,,,,,
,,,,,,,,,,,,
,,,,,,,,,,,,
,,,,,,,,,,,,
,,,,,,,,,,,,
,,,,,,,,,,,,
,,,,,,,,,,,,
,,,,,,,,,,,,
,,,,,,,,,,,,
,,,,,,,,,,,,
,,,,,,,,,,,,
,,,,,,,,,,,,
,,,,,,,,,,,,
,,,,,,,,,,,,
,,,,,,,,,,,,
,,,,,,,,,,,,
,,,,,,,,,,,,
,,,,,,,,,,,,
,,,,,,,,,,,,
,,,,,,,,,,,,
,,,,,,,,,,,,
,,,,,,,,,,,,
,,,,,,,,,,,,
,,,,,,,,,,,,
,,,,,,,,,,,,
,,,,,,,,,,,,
,,,,,,,,,,,,
,,,,,,,,,,,,
,,,,,,,,,,,,
,,,,,,,,,,,,
,,,,,,,,,,,,
,,,,,,,,,,,,
,,,,,,,,,,,,
,,,,,,,,,,,,
,,,,,,,,,,,,
,,,,,,,,,,,,
,,,,,,,,,,,,
,,,,,,,,,,,,
,,,,,,,,,,,,
,,,,,,,,,,,,
,,,,,,,,,,,,
,,,,,,,,,,,,
,,,,,,,,,,,,
,,,,,,,,,,,,
,,,,,,,,,,,,
,,,,,,,,,,,,
,,,,,,,,,,,,
,,,,,,,,,,,,
,,,,,,,,,,,,
,,,,,,,,,,,,
,,,,,,,,,,,,
,,,,,,,,,,,,
,,,,,,,,,,,,
,,,,,,,,,,,,
,,,,,,,,,,,,
,,,,,,,,,,,,
,,,,,,,,,,,,
,,,,,,,,,,,,
,,,,,,,,,,,,
,,,,,,,,,,,,
,,,,,,,,,,,,
,,,,,,,,,,,,
,,,,,,,,,,,,
,,,,,,,,,,,,
,,,,,,,,,,,,
,,,,,,,,,,,,
,,,,,,,,,,,,
,,,,,,,,,,,,
,,,,,,,,,,,,
,,,,,,,,,,,,
,,,,,,,,,,,,
,,,,,,,,,,,,
,,,,,,,,,,,,
2020-03-11,56.20,57.00,52.50,53.00,-2.70,-4.85,"330,965",,,,,
2020-03-10,55.20,56.60,51.00,55.70,3.10,5.89,"444,513",,,,,
2020-03-09,52.30,53.00,52.30,52.60,-5.50,-9.47,"350,949",,,,,
2020-03-08,60.00,60.10,58.10,58.10,-6.40,-9.92,"173,629",,,,,
2020-03-05,66.50,66.50,64.40,64.50,-0.90,-1.38,"97,411",,,,,
2020-03-04,65.80,66.70,65.00,65.40,-0.70,-1.06,"141,197",,,,,
2020-03-03,66.00,66.40,65.10,66.10,1.10,1.69,"105,568",,,,,
2020-03-02,65.00,65.80,63.50,65.00,0.40,0.62,"81,415",,,,,
2020-03-01,67.00,67.30,64.20,64.60,-3.40,-5.00,"242,481",,,,,
2020-02-27,68.70,68.80,67.90,68.00,-0.80,-1.16,"110,692",,,,,
2020-02-26,67.80,69.10,67.10,68.80,-0.10,-0.15,"105,005",,,,,
2020-02-25,67.90,69.20,66.00,68.90,0.60,0.88,"198,007",,,,,
2020-02-24,68.20,69.10,68.20,68.30,-0.70,-1.01,"99,604",,,,,
2020-02-23,70.50,70.50,67.80,69.00,-1.50,-2.13,"310,881",,,,,
2020-02-20,70.80,70.80,70.10,70.50,0.00,0.00,"280,021",,,,,
2020-02-19,71.00,71.40,70.40,70.50,-0.40,-0.56,"122,552",,,,,
2020-02-18,71.60,72.00,70.80,70.90,-0.60,-0.84,"47,798",,,,,
2020-02-17,72.00,72.00,71.00,71.50,-0.50,-0.69,"56,706",,,,,
2020-02-16,72.50,72.50,72.00,72.00,-0.70,-0.96,"32,015",,,,,
2020-02-13,73.40,73.70,72.70,72.70,-0.30,-0.41,"65,288",,,,,
2020-02-12,74.40,74.40,73.00,73.00,-1.30,-1.75,"52,289",,,,,
2020-02-11,74.00,74.50,73.50,74.30,1.40,1.92,"306,136",,,,,
2020-02-10,71.40,74.00,71.30,72.90,1.50,2.10,"257,008",,,,,
2020-02-09,73.00,73.00,70.60,71.40,-2.00,-2.72,"57,484",,,,,
2020-02-06,75.00,75.00,72.00,73.40,-1.60,-2.13,"99,549",,,,,
2020-02-05,76.30,76.30,74.10,75.00,-1.00,-1.32,"131,305",,,,,
2020-02-04,76.00,77.00,75.50,76.00,0.30,0.40,"75,910",,,,,
2020-02-03,77.50,77.50,75.70,75.70,-1.80,-2.32,"398,734",,,,,
2020-02-02,75.00,79.30,75.00,77.50,0.50,0.65,"347,151",,,,,
2020-01-30,76.50,77.30,76.50,77.00,0.90,1.18,"120,005",,,,,
2020-01-29,75.00,76.30,74.70,76.10,1.00,1.33,"73,243",,,,,
2020-01-28,76.90,76.90,75.00,75.10,-1.70,-2.21,"73,453",,,,,
2020-01-27,78.70,78.80,76.70,76.80,-1.70,-2.17,"69,727",,,,,
2020-01-26,78.70,79.00,78.50,78.50,-0.50,-0.63,"67,309",,,,,
2020-01-23,77.00,79.30,76.00,79.00,1.90,2.46,"174,965",,,,,
2020-01-22,74.50,78.20,74.50,77.10,2.60,3.49,"144,131",,,,,
2020-01-21,74.00,74.60,73.80,74.50,0.80,1.09,"44,199",,,,,
2020-01-20,73.80,74.70,73.70,73.70,-0.30,-0.41,"46,942",,,,,
2020-01-19,74.60,75.00,73.90,74.00,-0.40,-0.54,"40,258",,,,,
2020-01-16,74.80,75.10,73.50,74.40,-0.50,-0.67,"80,775",,,,,
2020-01-15,75.00,75.90,74.80,74.90,-0.20,-0.27,"93,945",,,,,
2020-01-14,74.00,75.60,74.00,75.10,1.10,1.49,"139,367",,,,,
2020-01-13,73.50,74.30,73.00,74.00,0.50,0.68,"69,083",,,,,
2020-01-12,72.10,73.50,72.00,73.50,1.50,2.08,"114,330",,,,,
2020-01-09,68.40,72.20,68.20,72.00,4.00,5.88,"338,174",,,,,
2020-01-08,67.00,68.30,66.00,68.00,0.30,0.44,"130,643",,,,,
2020-01-07,66.20,68.00,66.20,67.70,1.50,2.27,"131,250",,,,,
2020-01-06,66.00,66.20,66.00,66.20,0.00,0.00,"27,755",,,,,
2020-01-05,66.40,67.50,66.20,66.20,-0.90,-1.34,"94,587",,,,,
2020-01-02,66.80,67.40,66.80,67.10,0.40,0.60,"104,132",,,,,
2020-01-01,66.00,66.70,66.00,66.70,0.60,0.91,"75,126",,,,,
,,,,,,,,,,,,
,,,,,,,,,,,,
,,,,,,,,,,,,
,,,,,,,,,,,,
,,,,,,,,,,,,
,,,,,,,,,,,,
,,,,,,,,,,,,
,,,,,,,,,,,,
,,,,,,,,,,,,
,,,,,,,,,,,,
,,,,,,,,,,,,
,,,,,,,,,,,,
,,,,,,,,,,,,
,,,,,,,,,,,,
,,,,,,,,,,,,
,,,,,,,,,,,,
,,,,,,,,,,,,
,,,,,,,,,,,,
,,,,,,,,,,,,
,,,,,,,,,,,,
,,,,,,,,,,,,
,,,,,,,,,,,,
,,,,,,,,,,,,
,,,,,,,,,,,,
,,,,,,,,,,,,
,,,,,,,,,,,,
,,,,,,,,,,,,
,,,,,,,,,,,,
,,,,,,,,,,,,
,,,,,,,,,,,,
,,,,,,,,,,,,
,,,,,,,,,,,,
,,,,,,,,,,,,
,,,,,,,,,,,,
,,,,,,,,,,,,
,,,,,,,,,,,,
,,,,,,,,,,,,
,,,,,,,,,,,,
,,,,,,,,,,,,
,,,,,,,,,,,,
,,,,,,,,,,,,
,,,,,,,,,,,,
,,,,,,,,,,,,
,,,,,,,,,,,,
,,,,,,,,,,,,
,,,,,,,,,,,,
,,,,,,,,,,,,
,,,,,,,,,,,,
,,,,,,,,,,,,
,,,,,,,,,,,,
,,,,,,,,,,,,
,,,,,,,,,,,,
,,,,,,,,,,,,
,,,,,,,,,,,,
,,,,,,,,,,,,
,,,,,,,,,,,,
,,,,,,,,,,,,
,,,,,,,,,,,,
,,,,,,,,,,,,
,,,,,,,,,,,,
,,,,,,,,,,,,
,,,,,,,,,,,,
,,,,,,,,,,,,
,,,,,,,,,,,,
,,,,,,,,,,,,
,,,,,,,,,,,,
,,,,,,,,,,,,
,,,,,,,,,,,,
,,,,,,,,,,,,
,,,,,,,,,,,,
,,,,,,,,,,,,
,,,,,,,,,,,,
,,,,,,,,,,,,
,,,,,,,,,,,,
,,,,,,,,,,,,
,,,,,,,,,,,,
,,,,,,,,,,,,
,,,,,,,,,,,,
,,,,,,,,,,,,
,,,,,,,,,,,,
,,,,,,,,,,,,
,,,,,,,,,,,,
,,,,,,,,,,,,
,,,,,,,,,,,,
,,,,,,,,,,,,
,,,,,,,,,,,,
,,,,,,,,,,,,
,,,,,,,,,,,,
,,,,,,,,,,,,
,,,,,,,,,,,,
,,,,,,,,,,,,
,,,,,,,,,,,,
,,,,,,,,,,,,
,,,,,,,,,,,,
,,,,,,,,,,,,
,,,,,,,,,,,,
,,,,,,,,,,,,
,,,,,,,,,,,,
,,,,,,,,,,,,
,,,,,,,,,,,,
